ele_ymd,prefecture,ele_ymd,ncand_inc,ncand_new,ncand_form,ratio_inc_cand,ratio_new_cand,ratio_form_cand,nwins_inc,nwins_new,nwins_form,ratio_inc_wins,ratio_new_wins,ratio_form_wins,n_b_inc_cand,n_b_new_cand,n_b_form_cand,n_b_notinc_cand,n_inc_votes,n_new_votes,n_form_votes,n_notinc_votes,ratio_inc_votes,ratio_new_votes,ratio_form_votes,ratio_notinc_votes,ratio_inc_votes_percand,ratio_new_votes_percand,ratio_form_votes_percand,ratio_notinc_votes_percand,all_votes,n_battle,n_forfeit_deposit,ratio_forfeit_deposit
宇都宮市議会議員選挙（2019年04月21日投票）,栃木県,宇都宮市議会議員選挙（2019年04月21日投票）,,,,,,,,,,,,,,,,,,,,,,,,,,,,,158678.992,57,0.0,0.0
宇都宮市議会議員選挙（2015年04月26日投票）,栃木県,宇都宮市議会議員選挙（2015年04月26日投票）,35.0,19.0,3.0,0.6140350877192983,0.3333333333333333,0.05263157894736842,31.0,12.0,2.0,0.6888888888888889,0.26666666666666666,0.044444444444444446,35.0,19.0,3.0,22.0,109998.79999999999,46274.81,7464.39,53739.2,0.671797627917771,0.2826149702573624,0.04558740182486656,0.3282023720822289,0.01919421794050774,0.014874472118808546,0.015195800608288852,0.014918289640101313,163738.0,57,1.0,0.017543859649122806
宇都宮市議会議員選挙（2011年04月24日投票）,栃木県,宇都宮市議会議員選挙（2011年04月24日投票）,41.0,16.0,1.0,0.7068965517241379,0.27586206896551724,0.017241379310344827,38.0,8.0,1.0,0.8085106382978723,0.1702127659574468,0.02127659574468085,41.0,16.0,1.0,17.0,124049.52999999998,37767.25,3677.21,41444.46,0.7495712079937162,0.22820919357857045,0.0222195984277133,0.25042879200628376,0.01828222458521259,0.014263074598660653,0.0222195984277133,0.014731105412134338,165493.99,58,1.0,0.017241379310344827
宇都宮市議会議員補欠選挙（2009年08月09日投票）,栃木県,宇都宮市議会議員補欠選挙（2009年08月09日投票）,0.0,3.0,0.0,0.0,1.0,0.0,0.0,True,0,0.0,1.0,0.0,0.0,3.0,0.0,3.0,0.0,4557.0,0.0,4557.0,,1.0,,1.0,,0.3333333333333333,,0.3333333333333333,4557.0,3,0.0,0.0
宇都宮市議会議員選挙（2007年04月22日投票）,栃木県,宇都宮市議会議員選挙（2007年04月22日投票）,35.0,24.0,1.0,0.5833333333333334,0.4,0.016666666666666666,33.0,16.0,1.0,0.66,0.32,0.02,35.0,23.0,1.0,24.0,110327.03000000003,71647.97,3488.0,75135.97,0.5948735327262042,0.3863194815138329,0.0188069857599629,0.4051264672737958,0.01699638664932012,0.016796499196253603,0.0188069857599629,0.016880269469741492,185463.0,59,,
宇都宮市議会議員選挙（2003年04月27日投票）,栃木県,宇都宮市議会議員選挙（2003年04月27日投票）,31.0,23.0,4.0,0.5344827586206896,0.39655172413793105,0.06896551724137931,30.0,12.0,3.0,0.6666666666666666,0.26666666666666666,0.06666666666666667,31.0,23.0,4.0,27.0,102059.87000000001,58438.27,12074.0,70512.26999999999,0.5914040933837872,0.3386309632597706,0.06996494335644211,0.4085959066162127,0.019077551399477005,0.014723085359120461,0.01749123583911053,0.015133181726526397,172572.13999999998,58,0.0,0.0
足利市議会議員選挙（2019年04月21日投票）,栃木県,足利市議会議員選挙（2019年04月21日投票）,22.0,3.0,1.0,0.8461538461538461,0.11538461538461539,0.038461538461538464,22.0,2.0,0,0.9166666666666666,0.08333333333333333,0.0,22.0,3.0,1.0,4.0,49740.0,4841.0,1215.0,6056.0,0.8914617535307191,0.08676249193490573,0.021775754534375222,0.10853824646928095,0.04052098879685087,0.028920830644968577,0.021775754534375222,0.027134561617320238,55796.0,26,0.0,0.0
足利市議会議員補欠選挙（2017年04月23日投票）,栃木県,足利市議会議員補欠選挙（2017年04月23日投票）,0.0,4.0,0.0,0.0,1.0,0.0,0.0,2.0,0,0.0,1.0,0.0,0.0,4.0,0.0,4.0,0.0,25546.0,0.0,25546.0,,1.0,,1.0,,0.25,,0.25,25546.0,4,0.0,0.0
足利市議会議員選挙（2015年04月26日投票）,栃木県,足利市議会議員選挙（2015年04月26日投票）,20.0,6.0,2.0,0.7142857142857143,0.21428571428571427,0.07142857142857142,19.0,3.0,2.0,0.7916666666666666,0.125,0.08333333333333333,20.0,6.0,2.0,8.0,48901.6,9956.09,4259.3,14215.39,0.7747771241942938,0.15774025345631978,0.06748262234938644,0.22522287580570619,0.03873885620971469,0.026290042242719965,0.03374131117469322,0.028152859475713273,63116.98999999999,28,0.0,0.0
足利市議会議員選挙（2011年04月24日投票）,栃木県,足利市議会議員選挙（2011年04月24日投票）,20.0,9.0,2.0,0.6451612903225806,0.2903225806451613,0.06451612903225806,17.0,7.0,0,0.7083333333333334,0.2916666666666667,0.0,20.0,9.0,2.0,11.0,45282.81,20286.190000000002,2639.0,22925.190000000002,0.663892945109078,0.29741657870044574,0.03869047619047619,0.3361070548909219,0.0331946472554539,0.03304628652227175,0.019345238095238096,0.03055518680826563,68208.0,31,0.0,0.0
足利市議会議員選挙（2007年04月22日投票）,栃木県,足利市議会議員選挙（2007年04月22日投票）,23.0,5.0,2.0,0.7666666666666667,0.16666666666666666,0.06666666666666667,21.0,5.0,2.0,0.75,0.17857142857142858,0.07142857142857142,23.0,5.0,2.0,7.0,57064.0,12759.0,6042.0,18801.0,0.7521782112963817,0.16818032030580637,0.0796414683978119,0.24782178870361826,0.03270340049114703,0.03363606406116128,0.03982073419890595,0.035403112671945465,75865.0,30,0.0,0.0
足利市議会議員選挙（2003年04月27日投票）,栃木県,足利市議会議員選挙（2003年04月27日投票）,25.0,9.0,0.0,0.7352941176470589,0.2647058823529412,0.0,24.0,6.0,0,0.8,0.2,0.0,25.0,9.0,0.0,9.0,62167.99,17016.0,0.0,17016.0,0.7851080755086982,0.21489192449130187,,0.21489192449130187,0.03140432302034793,0.02387688049903354,,0.02387688049903354,79183.98999999999,34,1.0,0.029411764705882353
足利市議会議員選挙（1991年04月21日投票）,栃木県,足利市議会議員選挙（1991年04月21日投票）,21.0,15.0,0.0,0.5833333333333334,0.4166666666666667,0.0,21.0,11.0,0,0.65625,0.34375,0.0,21.0,15.0,0.0,15.0,61840.0,35291.0,0.0,35291.0,0.6366659459904664,0.3633340540095335,,0.3633340540095335,0.03031742599954602,0.024222270267302233,,0.024222270267302233,97131.0,36,0.0,0.0
足利市議会議員選挙（1987年04月26日投票）,栃木県,足利市議会議員選挙（1987年04月26日投票）,28.0,9.0,1.0,0.7368421052631579,0.23684210526315788,0.02631578947368421,24.0,7.0,1.0,0.75,0.21875,0.03125,28.0,9.0,1.0,10.0,72746.0,23100.0,2700.0,25800.0,0.738193331033223,0.23440829663304447,0.02739837233373247,0.26180666896677696,0.026364047536900824,0.026045366292560497,0.02739837233373247,0.026180666896677696,98546.0,38,0.0,0.0
足利市議会議員選挙（1983年04月24日投票）,栃木県,足利市議会議員選挙（1983年04月24日投票）,31.0,10.0,1.0,0.7380952380952381,0.23809523809523808,0.023809523809523808,28.0,7.0,1.0,0.7777777777777778,0.19444444444444445,0.027777777777777776,31.0,10.0,1.0,11.0,75729.99,22121.0,2070.0,24191.0,0.7578987157753341,0.22138491622230724,0.02071636800235866,0.2421012842246659,0.024448345670172067,0.022138491622230725,0.02071636800235866,0.022009207656787808,99920.99,42,0.0,0.0
足利市議会議員選挙（1979年04月22日投票）,栃木県,足利市議会議員選挙（1979年04月22日投票）,31.0,12.0,7.0,0.62,0.24,0.14,25.0,9.0,2.0,0.6944444444444444,0.25,0.05555555555555555,31.0,12.0,7.0,19.0,66030.95000000001,24085.039999999997,11363.0,35448.03999999999,0.6506859203072479,0.23734016272727976,0.11197391696547235,0.3493140796927521,0.020989868397007998,0.01977834689393998,0.015996273852210335,0.018384951562776426,101478.98999999999,50,0.0,0.0
足利市議会議員選挙（1975年04月27日投票）,栃木県,足利市議会議員選挙（1975年04月27日投票）,26.0,33.0,2.0,0.4262295081967213,0.5409836065573771,0.03278688524590164,16.0,18.0,2.0,0.4444444444444444,0.5,0.05555555555555555,26.0,33.0,2.0,35.0,41643.36,51605.64,4163.0,55768.64,0.4274972282675646,0.5297667638483965,0.042736007884038925,0.5725027717324355,0.016442201087214024,0.016053538298436257,0.021368003942019462,0.016357222049498157,97412.0,61,0.0,0.0
足利市議会議員選挙（1971年04月25日投票）,栃木県,足利市議会議員選挙（1971年04月25日投票）,27.0,30.0,3.0,0.45,0.5,0.05,24.0,12.0,0,0.6666666666666666,0.3333333333333333,0.0,27.0,30.0,3.0,33.0,47675.86,41775.15,3132.0,44907.15,0.5149525814725617,0.45121831748611324,0.033829101041324965,0.4850474185274382,0.019072317832317102,0.01504061058287044,0.011276367013774989,0.014698406622043582,92583.01000000001,60,0.0,0.0
足利市議会議員選挙（1967年04月28日投票）,栃木県,足利市議会議員選挙（1967年04月28日投票）,20.0,39.0,1.0,0.3333333333333333,0.65,0.016666666666666666,19.0,16.0,1.0,0.5277777777777778,0.4444444444444444,0.027777777777777776,20.0,39.0,1.0,40.0,35014.880000000005,45578.420000000006,2074.69,47653.11000000001,0.4235603163933222,0.5513430289039324,0.025096654702745278,0.5764396836066777,0.02117801581966611,0.014137000741126471,0.025096654702745278,0.014410992090166944,82667.98999999999,60,2.0,0.03333333333333333
足利市議会議員再選挙（1965年10月15日投票）,栃木県,足利市議会議員再選挙（1965年10月15日投票）,0.0,2.0,0.0,0.0,1.0,0.0,0.0,True,0,0.0,1.0,0.0,,,,,,,,,,,,,,,,,,2,,
足利市議会議員選挙（1963年04月30日投票）,栃木県,足利市議会議員選挙（1963年04月30日投票）,21.0,28.0,1.0,0.42,0.56,0.02,15.0,20.0,1.0,0.4166666666666667,0.5555555555555556,0.027777777777777776,21.0,24.0,1.0,25.0,31562.920000000002,43503.08,1497.0,45000.08,0.41224769144364776,0.5681997831850895,0.019552525371262883,0.5877523085563523,0.01963084244969751,0.023674990966045393,0.019552525371262883,0.023510092342254093,76563.0,46,,
足利市議会議員選挙（1959年04月30日投票）,栃木県,足利市議会議員選挙（1959年04月30日投票）,23.0,23.0,3.0,0.46938775510204084,0.46938775510204084,0.061224489795918366,20.0,13.0,3.0,0.5555555555555556,0.3611111111111111,0.08333333333333333,23.0,23.0,3.0,26.0,28978.72,23275.28,3927.0,27202.28,0.5158099713426247,0.4142909524572364,0.06989907620013884,0.48419002865737526,0.022426520493157596,0.018012650106836364,0.023299692066712948,0.018622693409899048,56181.0,49,,
足利市議会議員選挙（1955年04月30日投票）,栃木県,足利市議会議員選挙（1955年04月30日投票）,18.0,36.0,3.0,0.3157894736842105,0.631578947368421,0.05263157894736842,16.0,19.0,1.0,0.4444444444444444,0.5277777777777778,0.027777777777777776,18.0,36.0,3.0,39.0,19514.0,29057.0,2389.0,31446.0,0.38292778649921505,0.5701923076923077,0.046879905808477236,0.6170722135007849,0.02127376591662306,0.015838675213675213,0.01562663526949241,0.015822364448738073,50960.0,57,,
足利市議会議員選挙（1951年04月23日投票）,栃木県,足利市議会議員選挙（1951年04月23日投票）,28.0,25.0,0.0,0.5283018867924528,0.4716981132075472,0.0,22.0,14.0,0,0.6111111111111112,0.3888888888888889,0.0,28.0,25.0,0.0,25.0,16218.0,15138.0,0.0,15138.0,0.5172215843857635,0.4827784156142365,,0.4827784156142365,0.018472199442348698,0.01931113662456946,,0.01931113662456946,31356.0,53,,
足利市議会議員選挙（1947年04月30日投票）,栃木県,足利市議会議員選挙（1947年04月30日投票）,59.0,0.0,0.0,1.0,0.0,0.0,30.0,0,0,1.0,0.0,0.0,59.0,0.0,0.0,0.0,23599.0,0.0,0.0,0.0,1.0,,,,0.01694915254237288,,,,23599.0,59,4.0,0.06779661016949153
栃木市議会議員選挙（2018年04月22日投票）,栃木県,栃木市議会議員選挙（2018年04月22日投票）,25.0,8.0,1.0,0.7352941176470589,0.23529411764705882,0.029411764705882353,24.0,5.0,1.0,0.8,0.16666666666666666,0.03333333333333333,25.0,8.0,1.0,9.0,60756.99800000001,13932.0,1757.0,15689.0,0.7947701591913288,0.18224629626785693,0.022983544540814287,0.2052298408086712,0.03179080636765315,0.022780787033482117,0.022983544540814287,0.022803315645407912,76445.99799999999,34,0.0,0.0
栃木市議会議員選挙（2014年04月20日投票）,栃木県,栃木市議会議員選挙（2014年04月20日投票）,29.0,13.0,0.0,0.6904761904761905,0.30952380952380953,0.0,26.0,8.0,0,0.7647058823529411,0.23529411764705882,0.0,29.0,13.0,0.0,13.0,62918.999,21228.0,0.0,21228.0,0.7477271887022375,0.25227281129776236,,0.25227281129776236,0.02578369616214612,0.019405600869058643,,0.019405600869058643,84146.999,42,,
栃木市議会議員増員選挙（2011年10月30日投票）,栃木県,栃木市議会議員増員選挙（2011年10月30日投票）,0.0,5.0,0.0,0.0,1.0,0.0,0.0,3.0,0,0.0,1.0,0.0,0.0,5.0,0.0,5.0,0.0,3828.0,0.0,3828.0,,1.0,,1.0,,0.2,,0.2,3828.0,5,1.0,0.2
栃木市議会議員選挙（2010年04月25日投票）,栃木県,栃木市議会議員選挙（2010年04月25日投票）,0.0,48.0,0.0,0.0,1.0,0.0,0.0,31.0,0,0.0,1.0,0.0,0.0,48.0,0.0,48.0,0.0,79907.0,0.0,79907.0,,1.0,,1.0,,0.020833333333333332,,0.020833333333333332,79907.0,48,,
栃木市議会議員選挙（2007年04月22日投票）,栃木県,栃木市議会議員選挙（2007年04月22日投票）,21.0,6.0,1.0,0.75,0.21428571428571427,0.03571428571428571,18.0,1.0,1.0,0.9,0.05,0.05,21.0,6.0,1.0,7.0,37080.84,4845.17,1267.0,6112.17,0.8584916865020521,0.11217486347906758,0.029333450018880373,0.14150831349794796,0.04088055650009772,0.018695810579844596,0.029333450018880373,0.020215473356849707,43193.01,28,1.0,0.03571428571428571
栃木市議会議員選挙（2003年04月27日投票）,栃木県,栃木市議会議員選挙（2003年04月27日投票）,12.0,13.0,0.0,0.48,0.52,0.0,12.0,13.0,0,0.48,0.52,0.0,0.0,0.0,0.0,0.0,,,,,,,,,,,,,,0,,
栃木市議会議員選挙（1999年04月25日投票）,栃木県,栃木市議会議員選挙（1999年04月25日投票）,26.0,5.0,0.0,0.8387096774193549,0.16129032258064516,0.0,23.0,5.0,0,0.8214285714285714,0.17857142857142858,0.0,26.0,5.0,0.0,5.0,37231.0,8272.0,0.0,8272.0,0.8182097883656023,0.18179021163439774,,0.18179021163439774,0.03146960724483086,0.036358042326879544,,0.036358042326879544,45503.0,31,0.0,0.0
佐野市議会議員選挙（2021年04月11日投票）,栃木県,佐野市議会議員選挙（2021年04月11日投票）,18.0,7.0,0.0,0.72,0.28,0.0,18.0,6.0,0,0.75,0.25,0.0,18.0,7.0,0.0,7.0,37889.846000000005,14605.153,0.0,14605.153,0.7217801070917251,0.2782198929082749,,0.2782198929082749,0.040098894838429176,0.039745698986896415,,0.039745698986896415,52494.998999999996,25,0.0,0.0
佐野市議会議員選挙（2017年04月09日投票）,栃木県,佐野市議会議員選挙（2017年04月09日投票）,23.0,6.0,0.0,0.7931034482758621,0.20689655172413793,0.0,20.0,4.0,0,0.8333333333333334,0.16666666666666666,0.0,23.0,6.0,0.0,6.0,40253.0,9957.0,0.0,9957.0,0.8016928898625771,0.19830711013742283,,0.19830711013742283,0.034856212602720746,0.03305118502290381,,0.03305118502290381,50210.0,29,0.0,0.0
佐野市議会議員選挙（2013年04月14日投票）,栃木県,佐野市議会議員選挙（2013年04月14日投票）,18.0,14.0,0.0,0.5625,0.4375,0.0,17.0,9.0,0,0.6538461538461539,0.34615384615384615,0.0,18.0,14.0,0.0,14.0,32460.640000000003,22998.359999999997,0.0,22998.359999999997,0.5853087866712346,0.41469121332876535,,0.41469121332876535,0.03251715481506859,0.029620800952054667,,0.029620800952054667,55459.0,32,0.0,0.0
佐野市議会議員選挙（2009年04月12日投票）,栃木県,佐野市議会議員選挙（2009年04月12日投票）,27.0,7.0,0.0,0.7941176470588235,0.20588235294117646,0.0,25.0,3.0,0,0.8928571428571429,0.10714285714285714,0.0,27.0,7.0,0.0,7.0,52632.369999999995,9635.619999999999,0.0,9635.619999999999,0.8452556441921444,0.1547443558078557,,0.1547443558078557,0.03130576459970905,0.022106336543979387,,0.022106336543979387,62267.990000000005,34,0.0,0.0
佐野市議会議員選挙（2005年04月17日投票）,栃木県,佐野市議会議員選挙（2005年04月17日投票）,0.0,42.0,0.0,0.0,1.0,0.0,0.0,32.0,0,0.0,1.0,0.0,0.0,42.0,0.0,42.0,0.0,70100.0,0.0,70100.0,,1.0,,1.0,,0.023809523809523808,,0.023809523809523808,70100.0,42,0.0,0.0
鹿沼市議会議員選挙（2019年09月01日投票）,栃木県,鹿沼市議会議員選挙（2019年09月01日投票）,17.0,10.0,0.0,0.6296296296296297,0.37037037037037035,0.0,17.0,7.0,0,0.7083333333333334,0.2916666666666667,0.0,17.0,10.0,0.0,10.0,28228.194,13431.803,0.0,13431.803,0.6775851184050733,0.32241488159492665,,0.32241488159492665,0.0398579481414749,0.03224148815949267,,0.03224148815949267,41659.997,27,0.0,0.0
鹿沼市議会議員選挙（2015年09月06日投票）,栃木県,鹿沼市議会議員選挙（2015年09月06日投票）,17.0,7.0,3.0,0.6296296296296297,0.25925925925925924,0.1111111111111111,16.0,5.0,3.0,0.6666666666666666,0.20833333333333334,0.125,17.0,7.0,3.0,10.0,26899.86,11242.119999999999,6296.0,17538.12,0.6053348959606175,0.25298449659502975,0.1416806074443528,0.39466510403938254,0.03560793505650691,0.03614064237071853,0.0472268691481176,0.039466510403938254,44437.98,27,0.0,0.0
鹿沼市議会議員選挙（2011年09月11日投票）,栃木県,鹿沼市議会議員選挙（2011年09月11日投票）,20.0,7.0,2.0,0.6896551724137931,0.2413793103448276,0.06896551724137931,18.0,6.0,2.0,0.6923076923076923,0.23076923076923078,0.07692307692307693,20.0,7.0,2.0,9.0,31221.93,13953.6,3466.46,17420.06,0.6418719711097346,0.2868632636123645,0.07126476527790084,0.35812802889026535,0.03209359855548673,0.04098046623033779,0.03563238263895042,0.039792003210029486,48641.99,29,0.0,0.0
鹿沼市議会議員選挙（2007年09月09日投票）,栃木県,鹿沼市議会議員選挙（2007年09月09日投票）,24.0,5.0,0.0,0.8275862068965517,0.1724137931034483,0.0,23.0,5.0,0,0.8214285714285714,0.17857142857142858,0.0,24.0,5.0,0.0,5.0,43197.99,9136.0,0.0,9136.0,0.8254289420699625,0.17457105793003744,,0.17457105793003744,0.03439287258624844,0.034914211586007486,,0.034914211586007486,52333.99,29,0.0,0.0
鹿沼市議会議員増員選挙（2006年02月05日投票）,栃木県,鹿沼市議会議員増員選挙（2006年02月05日投票）,0.0,6.0,0.0,0.0,1.0,0.0,0.0,3.0,0,0.0,1.0,0.0,0.0,6.0,0.0,6.0,0.0,6508.0,0.0,6508.0,,1.0,,1.0,,0.16666666666666666,,0.16666666666666666,6508.0,6,0.0,0.0
日光市議会議員選挙（2018年04月15日投票）,栃木県,日光市議会議員選挙（2018年04月15日投票）,,,,,,,,,,,,,,,,,,,,,,,,,,,,,41475.994000000006,27,0.0,0.0
日光市議会議員選挙（2014年04月13日投票）,栃木県,日光市議会議員選挙（2014年04月13日投票）,23.0,7.0,0.0,0.7666666666666667,0.23333333333333334,0.0,23.0,5.0,0,0.8214285714285714,0.17857142857142858,0.0,23.0,7.0,0.0,7.0,36024.844,8530.149000000001,0.0,8530.149000000001,0.8085478545580738,0.19145214544192612,,0.19145214544192612,0.035154254546003204,0.02735030649170373,,0.02735030649170373,44554.992999999995,30,0.0,0.0
日光市議会議員選挙（2010年04月11日投票）,栃木県,日光市議会議員選挙（2010年04月11日投票）,24.0,15.0,0.0,0.6153846153846154,0.38461538461538464,0.0,22.0,8.0,0,0.7333333333333333,0.26666666666666666,0.0,24.0,15.0,0.0,15.0,36284.219999999994,16413.78,0.0,16413.78,0.6885312535580098,0.31146874644199024,,0.31146874644199024,0.02868880223158374,0.02076458309613268,,0.02076458309613268,52698.00000000001,39,1.0,0.02564102564102564
日光市議会議員選挙（2006年04月23日投票）,栃木県,日光市議会議員選挙（2006年04月23日投票）,0.0,50.0,0.0,0.0,1.0,0.0,0.0,30.0,0,0.0,1.0,0.0,0.0,50.0,0.0,50.0,0.0,55556.990000000005,0.0,55556.990000000005,,1.0,,1.0,,0.02,,0.02,55556.990000000005,50,,
小山市議会議員選挙（2019年04月21日投票）,栃木県,小山市議会議員選挙（2019年04月21日投票）,27.0,6.0,0.0,0.8181818181818182,0.18181818181818182,0.0,26.0,4.0,0,0.8666666666666667,0.13333333333333333,0.0,27.0,6.0,0.0,6.0,46476.99799999999,8076.0,0.0,8076.0,0.8519604733730674,0.1480395266269326,,0.1480395266269326,0.0315540916064099,0.0246732544378221,,0.0246732544378221,54552.998,33,0.0,0.0
小山市議会議員補欠選挙（2016年07月24日投票）,栃木県,小山市議会議員補欠選挙（2016年07月24日投票）,0.0,1.0,1.0,0.0,0.5,0.5,0.0,0,True,0.0,0.0,1.0,0.0,1.0,1.0,2.0,0.0,16284.0,24004.0,40288.0,,0.40418983320095314,0.5958101667990469,1.0,,0.40418983320095314,0.5958101667990469,0.5,40288.0,2,0.0,0.0
小山市議会議員選挙（2015年04月26日投票）,栃木県,小山市議会議員選挙（2015年04月26日投票）,25.0,6.0,1.0,0.78125,0.1875,0.03125,24.0,6.0,0,0.8,0.2,0.0,25.0,6.0,1.0,7.0,48273.0,10059.0,1112.0,11171.0,0.8120752304690129,0.16921808761187,0.018706681919117153,0.18792476953098713,0.03248300921876052,0.02820301460197833,0.018706681919117153,0.026846395647283878,59444.0,32,0.0,0.0
小山市議会議員補欠選挙（2012年07月22日投票）,栃木県,小山市議会議員補欠選挙（2012年07月22日投票）,0.0,3.0,1.0,0.0,0.75,0.25,0.0,True,True,0.0,0.5,0.5,0.0,3.0,1.0,4.0,0.0,40977.0,19369.0,60346.0,,0.6790342359062739,0.3209657640937262,1.0,,0.22634474530209128,0.3209657640937262,0.25,60346.0,4,0.0,0.0
小山市議会議員選挙（2011年04月24日投票）,栃木県,小山市議会議員選挙（2011年04月24日投票）,21.0,17.0,1.0,0.5384615384615384,0.4358974358974359,0.02564102564102564,18.0,12.0,0,0.6,0.4,0.0,21.0,17.0,1.0,18.0,37673.76,25078.23,1022.0,26100.23,0.5907386381187691,0.3932360198883588,0.016025341992872016,0.40926136188123086,0.028130411338989008,0.023131530581668166,0.016025341992872016,0.022736742326735046,63773.990000000005,39,1.0,0.02564102564102564
小山市議会議員補欠選挙（2008年07月27日投票）,栃木県,小山市議会議員補欠選挙（2008年07月27日投票）,0.0,2.0,0.0,0.0,1.0,0.0,0.0,True,0,0.0,1.0,0.0,0.0,2.0,0.0,2.0,0.0,45986.0,0.0,45986.0,,1.0,,1.0,,0.5,,0.5,45986.0,2,0.0,0.0
小山市議会議員選挙（2007年04月22日投票）,栃木県,小山市議会議員選挙（2007年04月22日投票）,27.0,9.0,1.0,0.7297297297297297,0.24324324324324326,0.02702702702702703,25.0,4.0,1.0,0.8333333333333334,0.13333333333333333,0.03333333333333333,27.0,9.0,1.0,10.0,53705.0,16628.0,1560.0,18188.0,0.7470129219812778,0.23128816435536145,0.02169891366336083,0.2529870780187223,0.027667145258565843,0.025698684928373496,0.02169891366336083,0.02529870780187223,71893.0,37,0.0,0.0
真岡市議会議員選挙（2019年04月21日投票）,栃木県,真岡市議会議員選挙（2019年04月21日投票）,18.0,3.0,2.0,0.782608695652174,0.13043478260869565,0.08695652173913043,18.0,2.0,1.0,0.8571428571428571,0.09523809523809523,0.047619047619047616,18.0,3.0,2.0,5.0,27723.998,3844.0,1801.0,5645.0,0.8308310006791334,0.1151967463931641,0.05397225292770253,0.16916899932086663,0.04615727781550741,0.038398915464388034,0.026986126463851266,0.03383379986417333,33368.998,23,0.0,0.0
真岡市議会議員選挙（2015年04月26日投票）,栃木県,真岡市議会議員選挙（2015年04月26日投票）,18.0,7.0,0.0,0.72,0.28,0.0,16.0,5.0,0,0.7619047619047619,0.23809523809523808,0.0,18.0,7.0,0.0,7.0,26195.0,10110.0,0.0,10110.0,0.721525960611486,0.278474039388514,,0.278474039388514,0.040084775589527,0.03978200562693057,,0.03978200562693057,36305.0,25,0.0,0.0
真岡市議会議員補欠選挙（2013年04月21日投票）,栃木県,真岡市議会議員補欠選挙（2013年04月21日投票）,0.0,3.0,0.0,0.0,1.0,0.0,0.0,2.0,0,0.0,1.0,0.0,0.0,3.0,0.0,3.0,0.0,16129.0,0.0,16129.0,,1.0,,1.0,,0.3333333333333333,,0.3333333333333333,16129.0,3,0.0,0.0
真岡市議会議員選挙（2011年04月24日投票）,栃木県,真岡市議会議員選挙（2011年04月24日投票）,24.0,6.0,0.0,0.8,0.2,0.0,24.0,4.0,0,0.8571428571428571,0.14285714285714285,0.0,24.0,6.0,0.0,6.0,29992.8,6354.2,0.0,6354.2,0.8251795196302308,0.17482048036976916,,0.17482048036976916,0.03438247998459295,0.02913674672829486,,0.02913674672829486,36347.0,30,0.0,0.0
真岡市議会議員増員選挙（2009年04月26日投票）,栃木県,真岡市議会議員増員選挙（2009年04月26日投票）,0.0,8.0,0.0,0.0,1.0,0.0,0.0,6.0,0,0.0,1.0,0.0,0.0,8.0,0.0,8.0,0.0,10007.0,0.0,10007.0,,1.0,,1.0,,0.125,,0.125,10007.0,8,0.0,0.0
真岡市議会議員選挙（2007年04月22日投票）,栃木県,真岡市議会議員選挙（2007年04月22日投票）,18.0,4.0,1.0,0.782608695652174,0.17391304347826086,0.043478260869565216,17.0,4.0,1.0,0.7727272727272727,0.18181818181818182,0.045454545454545456,18.0,4.0,1.0,5.0,25962.0,5215.0,1195.0,6410.0,0.8019893735326825,0.1610960088965773,0.036914617570740146,0.19801062646731743,0.04455496519626014,0.040274002224144324,0.036914617570740146,0.039602125293463485,32372.0,23,0.0,0.0
真岡市議会議員選挙（2003年04月27日投票）,栃木県,真岡市議会議員選挙（2003年04月27日投票）,22.0,4.0,1.0,0.8148148148148148,0.14814814814814814,0.037037037037037035,21.0,4.0,1.0,0.8076923076923077,0.15384615384615385,0.038461538461538464,22.0,4.0,1.0,5.0,25804.48,7356.52,1034.0,8390.52,0.7546272846907442,0.21513437637081445,0.030238338938441293,0.24537271530925575,0.03430124021321565,0.05378359409270361,0.030238338938441293,0.04907454306185115,34195.0,27,0.0,0.0
真岡市議会議員選挙（1999年04月25日投票）,栃木県,真岡市議会議員選挙（1999年04月25日投票）,22.0,10.0,1.0,0.6666666666666666,0.30303030303030304,0.030303030303030304,20.0,7.0,1.0,0.7142857142857143,0.25,0.03571428571428571,22.0,10.0,1.0,11.0,26394.46,9205.539999999999,1045.0,10250.539999999999,0.7202745258561877,0.2512086232773912,0.028516850866421067,0.2797254741438122,0.03273975117528126,0.025120862327739118,0.028516850866421067,0.025429588558528383,36645.0,33,1.0,0.030303030303030304
大田原市議会議員選挙（2019年11月17日投票）,栃木県,大田原市議会議員選挙（2019年11月17日投票）,17.0,9.0,0.0,0.6538461538461539,0.34615384615384615,0.0,13.0,8.0,0,0.6190476190476191,0.38095238095238093,0.0,17.0,9.0,0.0,9.0,20364.256,10029.746,0.0,10029.746,0.6700090366513762,0.3299909633486238,,0.3299909633486238,0.03941229627361037,0.036665662594291534,,0.036665662594291534,30394.002,26,0.0,0.0
大田原市議会議員選挙（2015年11月15日投票）,栃木県,大田原市議会議員選挙（2015年11月15日投票）,19.0,4.0,3.0,0.7307692307692307,0.15384615384615385,0.11538461538461539,19.0,4.0,3.0,0.7307692307692307,0.15384615384615385,0.11538461538461539,0.0,0.0,0.0,0.0,,,,,,,,,,,,,,0,,
大田原市議会議員補欠選挙（2014年03月09日投票）,栃木県,大田原市議会議員補欠選挙（2014年03月09日投票）,0.0,2.0,1.0,0.0,0.6666666666666666,0.3333333333333333,0.0,True,0,0.0,1.0,0.0,0.0,2.0,1.0,3.0,0.0,15229.0,6570.0,21799.0,,0.698610027982935,0.301389972017065,1.0,,0.3493050139914675,0.301389972017065,0.3333333333333333,21799.0,3,0.0,0.0
大田原市議会議員選挙（2011年11月20日投票）,栃木県,大田原市議会議員選挙（2011年11月20日投票）,21.0,11.0,1.0,0.6363636363636364,0.3333333333333333,0.030303030303030304,17.0,9.0,0,0.6538461538461539,0.34615384615384615,0.0,21.0,11.0,1.0,12.0,23125.77,14285.23,690.0,14975.23,0.6069596598514475,0.37493057924988843,0.018109760898664076,0.39304034014855255,0.028902840945307023,0.03408459811362622,0.018109760898664076,0.03275336167904604,38101.0,33,1.0,0.030303030303030304
大田原市議会議員選挙（2007年11月18日投票）,栃木県,大田原市議会議員選挙（2007年11月18日投票）,26.0,4.0,1.0,0.8387096774193549,0.12903225806451613,0.03225806451612903,25.0,3.0,1.0,0.8620689655172413,0.10344827586206896,0.034482758620689655,26.0,4.0,1.0,5.0,32938.9,4636.1,1019.0,5655.1,0.8534720422863658,0.12012488987925585,0.026403067834378402,0.14652795771363425,0.03282584778024484,0.030031222469813962,0.026403067834378402,0.02930559154272685,38594.00000000001,31,0.0,0.0
大田原市議会議員補欠選挙（2006年03月12日投票）,栃木県,大田原市議会議員補欠選挙（2006年03月12日投票）,0.0,1.0,1.0,0.0,0.5,0.5,0.0,True,0,0.0,1.0,0.0,0.0,1.0,1.0,2.0,0.0,12266.0,9303.0,21569.0,,0.5686865408688395,0.4313134591311605,1.0,,0.5686865408688395,0.4313134591311605,0.5,21569.0,2,0.0,0.0
大田原市議会議員増員選挙（2005年11月06日投票）,栃木県,大田原市議会議員増員選挙（2005年11月06日投票）,0.0,15.0,0.0,0.0,1.0,0.0,0.0,8.0,0,0.0,1.0,0.0,0.0,15.0,0.0,15.0,0.0,12886.0,0.0,12886.0,,1.0,,1.0,,0.06666666666666667,,0.06666666666666667,12886.0,15,,
矢板市議会議員選挙（2019年04月21日投票）,栃木県,矢板市議会議員選挙（2019年04月21日投票）,12.0,4.0,2.0,0.6666666666666666,0.2222222222222222,0.1111111111111111,11.0,3.0,2.0,0.6875,0.1875,0.125,12.0,4.0,2.0,6.0,9547.0,3656.0,1665.0,5321.0,0.6421172988969599,0.24589722894807642,0.11198547215496368,0.3578827011030401,0.05350977490807999,0.061474307237019105,0.05599273607748184,0.059647116850506686,14868.0,18,0.0,0.0
矢板市議会議員補欠選挙（2016年04月10日投票）,栃木県,矢板市議会議員補欠選挙（2016年04月10日投票）,0.0,1.0,3.0,0.0,0.25,0.75,0.0,0,2.0,0.0,0.0,1.0,0.0,1.0,3.0,4.0,0.0,2761.0,13345.0,16106.0,,0.17142679746678258,0.8285732025332174,1.0,,0.17142679746678258,0.2761910675110725,0.25,16106.0,4,0.0,0.0
矢板市議会議員選挙（2015年04月26日投票）,栃木県,矢板市議会議員選挙（2015年04月26日投票）,15.0,4.0,1.0,0.75,0.2,0.05,11.0,4.0,1.0,0.6875,0.25,0.0625,15.0,4.0,1.0,5.0,12171.64,3474.35,1217.0,4691.35,0.7217960753104877,0.2060340425986139,0.07216988209089847,0.27820392468951244,0.048119738354032514,0.05150851064965348,0.07216988209089847,0.05564078493790249,16862.989999999998,20,0.0,0.0
矢板市議会議員選挙（2011年04月24日投票）,栃木県,矢板市議会議員選挙（2011年04月24日投票）,13.0,4.0,0.0,0.7647058823529411,0.23529411764705882,0.0,12.0,4.0,0,0.75,0.25,0.0,13.0,4.0,0.0,4.0,12642.0,3170.0,0.0,3170.0,0.7995193523905895,0.20048064760941056,,0.20048064760941056,0.06150148864542996,0.05012016190235264,,0.05012016190235264,15812.0,17,0.0,0.0
矢板市議会議員選挙（2007年04月22日投票）,栃木県,矢板市議会議員選挙（2007年04月22日投票）,17.0,5.0,0.0,0.7727272727272727,0.22727272727272727,0.0,13.0,3.0,0,0.8125,0.1875,0.0,17.0,5.0,0.0,5.0,15966.0,3586.0,0.0,3586.0,0.8165916530278232,0.18340834697217676,,0.18340834697217676,0.048034803119283716,0.03668166939443535,,0.03668166939443535,19552.0,22,0.0,0.0
那須塩原市議会議員選挙（2021年04月25日投票）,栃木県,那須塩原市議会議員選挙（2021年04月25日投票）,22.0,6.0,0.0,0.7857142857142857,0.21428571428571427,0.0,21.0,5.0,0,0.8076923076923077,0.19230769230769232,0.0,22.0,6.0,0.0,6.0,30117.67,10066.328,0.0,10066.328,0.7494941145477859,0.2505058854522141,,0.2505058854522141,0.03406791429762663,0.04175098090870235,,0.04175098090870235,40183.998,28,0.0,0.0
那須塩原市議会議員補欠選挙（2019年04月21日投票）,栃木県,那須塩原市議会議員補欠選挙（2019年04月21日投票）,0.0,2.0,1.0,0.0,0.6666666666666666,0.3333333333333333,0.0,True,0,0.0,1.0,0.0,0.0,2.0,1.0,3.0,0.0,25367.0,12486.0,37853.0,,0.6701450347396507,0.32985496526034924,1.0,,0.33507251736982535,0.32985496526034924,0.3333333333333333,37853.0,3,0.0,0.0
那須塩原市議会議員選挙（2017年04月23日投票）,栃木県,那須塩原市議会議員選挙（2017年04月23日投票）,21.0,12.0,1.0,0.6176470588235294,0.35294117647058826,0.029411764705882353,19.0,6.0,1.0,0.7307692307692307,0.23076923076923078,0.038461538461538464,21.0,12.0,1.0,13.0,30013.44,13090.556,1567.0,14657.556,0.6718775645835163,0.2930437458793173,0.035078689537166356,0.32812243541648367,0.031994169742072205,0.024420312156609777,0.035078689537166356,0.025240187339729513,44670.996,34,0.0,0.0
那須塩原市議会議員選挙（2013年04月21日投票）,栃木県,那須塩原市議会議員選挙（2013年04月21日投票）,21.0,7.0,2.0,0.7,0.23333333333333334,0.06666666666666667,21.0,5.0,0,0.8076923076923077,0.19230769230769232,0.0,21.0,7.0,2.0,9.0,33771.509999999995,9970.48,1232.0,11202.48,0.7509120271516937,0.2216943615632058,0.02739361128510057,0.24908797284830636,0.03575771557865208,0.03167062308045797,0.013696805642550285,0.027676441427589595,44973.990000000005,30,0.0,0.0
那須塩原市議会議員補欠選挙（2012年01月22日投票）,栃木県,那須塩原市議会議員補欠選挙（2012年01月22日投票）,0.0,1.0,1.0,0.0,0.5,0.5,0.0,0,True,0.0,0.0,1.0,0.0,1.0,1.0,2.0,0.0,18411.0,23663.0,42074.0,,0.4375861577221087,0.5624138422778914,1.0,,0.4375861577221087,0.5624138422778914,0.5,42074.0,2,0.0,0.0
那須塩原市議会議員選挙（2009年04月26日投票）,栃木県,那須塩原市議会議員選挙（2009年04月26日投票）,26.0,8.0,2.0,0.7222222222222222,0.2222222222222222,0.05555555555555555,24.0,6.0,0,0.8,0.2,0.0,26.0,8.0,2.0,10.0,40116.490000000005,11980.51,1194.0,13174.51,0.7527817079807096,0.22481300782496103,0.022405284194329245,0.24721829201929027,0.028953142614642678,0.028101625978120128,0.011202642097164622,0.024721829201929026,53291.0,36,1.0,0.027777777777777776
那須塩原市議会議員選挙（2005年04月24日投票）,栃木県,那須塩原市議会議員選挙（2005年04月24日投票）,33.0,9.0,0.0,0.7857142857142857,0.21428571428571427,0.0,24.0,8.0,0,0.75,0.25,0.0,33.0,9.0,0.0,9.0,43706.0,13935.0,0.0,13935.0,0.7582449992193057,0.24175500078069428,,0.24175500078069428,0.022977121188463807,0.026861666753410476,,0.026861666753410476,57641.0,42,0.0,0.0
さくら市議会議員選挙（2018年11月18日投票）,栃木県,さくら市議会議員選挙（2018年11月18日投票）,15.0,4.0,1.0,0.75,0.2,0.05,15.0,2.0,1.0,0.8333333333333334,0.1111111111111111,0.05555555555555555,15.0,4.0,1.0,5.0,15356.0,1772.0,996.0,2768.0,0.8472743323769587,0.09777091149856544,0.05495475612447583,0.15272566762304127,0.056484955491797245,0.02444272787464136,0.05495475612447583,0.030545133524608255,18124.0,20,0.0,0.0
さくら市議会議員選挙（2014年11月16日投票）,栃木県,さくら市議会議員選挙（2014年11月16日投票）,16.0,4.0,0.0,0.8,0.2,0.0,14.0,4.0,0,0.7777777777777778,0.2222222222222222,0.0,16.0,4.0,0.0,4.0,15206.0,4219.0,0.0,4219.0,0.7828056628056628,0.2171943371943372,,0.2171943371943372,0.04892535392535392,0.0542985842985843,,0.0542985842985843,19425.0,20,0.0,0.0
さくら市議会議員選挙（2010年11月21日投票）,栃木県,さくら市議会議員選挙（2010年11月21日投票）,18.0,4.0,1.0,0.782608695652174,0.17391304347826086,0.043478260869565216,16.0,4.0,1.0,0.7619047619047619,0.19047619047619047,0.047619047619047616,18.0,4.0,1.0,5.0,17114.0,3440.0,819.0,4259.0,0.8007298928554718,0.16095073223225564,0.03831937491227249,0.19927010714452814,0.04448499404752621,0.04023768305806391,0.03831937491227249,0.03985402142890563,21373.0,23,0.0,0.0
さくら市議会議員補欠選挙（2009年04月19日投票）,栃木県,さくら市議会議員補欠選挙（2009年04月19日投票）,0.0,1.0,1.0,0.0,0.5,0.5,0.0,True,0,0.0,1.0,0.0,0.0,1.0,1.0,2.0,0.0,10302.0,8218.0,18520.0,,0.5562634989200864,0.4437365010799136,1.0,,0.5562634989200864,0.4437365010799136,0.5,18520.0,2,0.0,0.0
さくら市議会議員選挙（2006年11月19日投票）,栃木県,さくら市議会議員選挙（2006年11月19日投票）,25.0,8.0,1.0,0.7352941176470589,0.23529411764705882,0.029411764705882353,17.0,6.0,1.0,0.7083333333333334,0.25,0.041666666666666664,25.0,8.0,1.0,9.0,15352.279999999999,6691.0,1456.72,8147.72,0.6532885106382978,0.28472340425531917,0.06198808510638298,0.34671148936170215,0.026131540425531914,0.035590425531914896,0.06198808510638298,0.038523498817966906,23500.0,34,0.0,0.0
那須烏山市議会議員選挙（2018年04月22日投票）,栃木県,那須烏山市議会議員選挙（2018年04月22日投票）,13.0,6.0,0.0,0.6842105263157895,0.3157894736842105,0.0,12.0,5.0,0,0.7058823529411765,0.29411764705882354,0.0,13.0,6.0,0.0,6.0,10704.0,3933.0,0.0,3933.0,0.7312973970075836,0.2687026029924165,,0.2687026029924165,0.05625364592366027,0.04478376716540275,,0.04478376716540275,14637.0,19,0.0,0.0
那須烏山市議会議員選挙（2014年04月20日投票）,栃木県,那須烏山市議会議員選挙（2014年04月20日投票）,12.0,5.0,2.0,0.631578947368421,0.2631578947368421,0.10526315789473684,12.0,5.0,1.0,0.6666666666666666,0.2777777777777778,0.05555555555555555,12.0,5.0,2.0,7.0,9902.0,4768.0,1254.0,6022.0,0.6218286862597338,0.29942225571464454,0.07874905802562171,0.37817131374026625,0.051819057188311146,0.05988445114292891,0.039374529012810855,0.054024473391466606,15924.0,19,0.0,0.0
那須烏山市議会議員選挙（2010年04月25日投票）,栃木県,那須烏山市議会議員選挙（2010年04月25日投票）,14.0,9.0,0.0,0.6086956521739131,0.391304347826087,0.0,14.0,4.0,0,0.7777777777777778,0.2222222222222222,0.0,14.0,9.0,0.0,9.0,12821.79,5036.21,0.0,5036.21,0.7179857766827192,0.28201422331728077,,0.28201422331728077,0.05128469833447995,0.031334913701920084,,0.031334913701920084,17857.999999999996,23,2.0,0.08695652173913043
那須烏山市議会議員選挙（2006年04月16日投票）,栃木県,那須烏山市議会議員選挙（2006年04月16日投票）,21.0,3.0,0.0,0.875,0.125,0.0,17.0,3.0,0,0.85,0.15,0.0,21.0,3.0,0.0,3.0,16341.99,3581.0,0.0,3581.0,0.8202579030557161,0.17974209694428397,,0.17974209694428397,0.03905990014551029,0.05991403231476133,,0.05991403231476133,19922.99,24,0.0,0.0
下野市議会議員選挙（2018年04月22日投票）,栃木県,下野市議会議員選挙（2018年04月22日投票）,11.0,11.0,0.0,0.5,0.5,0.0,10.0,8.0,0,0.5555555555555556,0.4444444444444444,0.0,11.0,11.0,0.0,11.0,13431.832,8915.167,0.0,8915.167,0.6010575290221296,0.39894247097787044,,0.39894247097787044,0.05464159354746633,0.03626749736162459,,0.03626749736162459,22346.999000000003,22,1.0,0.045454545454545456
下野市議会議員選挙（2014年04月20日投票）,栃木県,下野市議会議員選挙（2014年04月20日投票）,15.0,3.0,0.0,0.8333333333333334,0.16666666666666666,0.0,15.0,3.0,0,0.8333333333333334,0.16666666666666666,0.0,0.0,0.0,0.0,0.0,,,,,,,,,,,,,,0,,
下野市議会議員選挙（2010年04月25日投票）,栃木県,下野市議会議員選挙（2010年04月25日投票）,22.0,0.0,0.0,1.0,0.0,0.0,21.0,0,0,1.0,0.0,0.0,22.0,0.0,0.0,0.0,26613.0,0.0,0.0,0.0,1.0,,,,0.045454545454545456,,,,26613.0,22,0.0,0.0
下野市議会議員選挙（2006年04月23日投票）,栃木県,下野市議会議員選挙（2006年04月23日投票）,34.0,3.0,0.0,0.918918918918919,0.08108108108108109,0.0,23.0,1.0,0,0.9583333333333334,0.041666666666666664,0.0,34.0,3.0,0.0,3.0,28414.0,2229.0,0.0,2229.0,0.9272590803772477,0.07274091962275234,,0.07274091962275234,0.02727232589344846,0.02424697320758411,,0.02424697320758411,30643.000000000004,37,2.0,0.05405405405405406
上三川町議会議員選挙（2019年12月22日投票）,栃木県,上三川町議会議員選挙（2019年12月22日投票）,13.0,3.0,0.0,0.8125,0.1875,0.0,12.0,2.0,0,0.8571428571428571,0.14285714285714285,0.0,13.0,3.0,0.0,3.0,10043.0,1872.0,0.0,1872.0,0.8428871170793117,0.1571128829206882,,0.1571128829206882,0.06483747054456244,0.05237096097356273,,0.05237096097356273,11915.0,16,0.0,0.0
上三川町議会議員選挙（2015年12月27日投票）,栃木県,上三川町議会議員選挙（2015年12月27日投票）,12.0,9.0,0.0,0.5714285714285714,0.42857142857142855,0.0,11.0,5.0,0,0.6875,0.3125,0.0,12.0,9.0,0.0,9.0,7654.85,5767.15,0.0,5767.15,0.5703211145879898,0.4296788854120101,,0.4296788854120101,0.04752675954899915,0.04774209837911223,,0.04774209837911223,13421.999999999998,21,0.0,0.0
上三川町議会議員選挙（2011年12月25日投票）,栃木県,上三川町議会議員選挙（2011年12月25日投票）,11.0,5.0,2.0,0.6111111111111112,0.2777777777777778,0.1111111111111111,11.0,3.0,2.0,0.6875,0.1875,0.125,11.0,5.0,2.0,7.0,9162.0,2461.0,1437.0,3898.0,0.701531393568147,0.18843797856049005,0.11003062787136295,0.29846860643185297,0.06377558123346791,0.03768759571209801,0.05501531393568147,0.04263837234740757,13060.0,18,0.0,0.0
上三川町議会議員選挙（2007年12月23日投票）,栃木県,上三川町議会議員選挙（2007年12月23日投票）,14.0,4.0,1.0,0.7368421052631579,0.21052631578947367,0.05263157894736842,13.0,2.0,1.0,0.8125,0.125,0.0625,14.0,4.0,1.0,5.0,11013.06,2118.0,949.94,3067.94,0.7821220083800866,0.15041545344790852,0.06746253817200483,0.21787799161991336,0.05586585774143476,0.03760386336197713,0.06746253817200483,0.043575598323982674,14081.0,19,0.0,0.0
上三川町議会議員補欠選挙（2007年04月22日投票）,栃木県,上三川町議会議員補欠選挙（2007年04月22日投票）,0.0,2.0,0.0,0.0,1.0,0.0,0.0,2.0,0,0.0,1.0,0.0,0.0,0.0,0.0,0.0,,,,,,,,,,,,,,0,,
上三川町議会議員選挙（2003年12月23日投票）,栃木県,上三川町議会議員選挙（2003年12月23日投票）,17.0,4.0,0.0,0.8095238095238095,0.19047619047619047,0.0,16.0,4.0,0,0.8,0.2,0.0,17.0,4.0,0.0,4.0,10473.04,3665.96,0.0,3665.96,0.7407199943418913,0.25928000565810877,,0.25928000565810877,0.04357176437305243,0.06482000141452719,,0.06482000141452719,14139.0,21,0.0,0.0
上三川町議会議員補欠選挙（2003年04月27日投票）,栃木県,上三川町議会議員補欠選挙（2003年04月27日投票）,0.0,2.0,0.0,0.0,1.0,0.0,0.0,True,0,0.0,1.0,0.0,0.0,2.0,0.0,2.0,0.0,12464.0,0.0,12464.0,,1.0,,1.0,,0.5,,0.5,12464.0,2,0.0,0.0
上三川町議会議員選挙（1999年12月26日投票）,栃木県,上三川町議会議員選挙（1999年12月26日投票）,17.0,6.0,0.0,0.7391304347826086,0.2608695652173913,0.0,17.0,5.0,0,0.7727272727272727,0.22727272727272727,0.0,17.0,6.0,0.0,6.0,9881.0,4821.0,0.0,4821.0,0.6720854305536662,0.32791456944633385,,0.32791456944633385,0.03953443709139213,0.054652428241055644,,0.054652428241055644,14702.0,23,0.0,0.0
西方町議会議員補欠選挙（2010年02月07日投票）,栃木県,西方町議会議員補欠選挙（2010年02月07日投票）,0.0,5.0,0.0,0.0,1.0,0.0,0.0,3.0,0,0.0,1.0,0.0,0.0,5.0,0.0,5.0,0.0,3187.0,0.0,3187.0,,1.0,,1.0,,0.2,,0.2,3187.0,5,2.0,0.4
西方町議会議員補欠選挙（2009年02月01日投票）,栃木県,西方町議会議員補欠選挙（2009年02月01日投票）,0.0,2.0,0.0,0.0,1.0,0.0,0.0,2.0,0,0.0,1.0,0.0,0.0,0.0,0.0,0.0,,,,,,,,,,,,,,0,,
西方町議会議員選挙（2008年03月23日投票）,栃木県,西方町議会議員選挙（2008年03月23日投票）,6.0,4.0,0.0,0.6,0.4,0.0,6.0,4.0,0,0.6,0.4,0.0,0.0,0.0,0.0,0.0,,,,,,,,,,,,,,0,,
益子町議会議員選挙（2019年04月21日投票）,栃木県,益子町議会議員選挙（2019年04月21日投票）,10.0,5.0,1.0,0.625,0.3125,0.0625,10.0,5.0,1.0,0.625,0.3125,0.0625,0.0,0.0,0.0,0.0,,,,,,,,,,,,,,0,,
益子町議会議員選挙（2015年04月26日投票）,栃木県,益子町議会議員選挙（2015年04月26日投票）,9.0,7.0,1.0,0.5294117647058824,0.4117647058823529,0.058823529411764705,8.0,7.0,1.0,0.5,0.4375,0.0625,9.0,7.0,1.0,8.0,6237.67,5344.33,1291.0,6635.33,0.48455449390196537,0.41515808280898003,0.10028742328905461,0.5154455060980346,0.053839388211329484,0.05930829754414001,0.10028742328905461,0.06443068826225433,12873.0,17,0.0,0.0
益子町議会議員選挙（2011年04月24日投票）,栃木県,益子町議会議員選挙（2011年04月24日投票）,12.0,7.0,0.0,0.631578947368421,0.3684210526315789,0.0,12.0,4.0,0,0.75,0.25,0.0,12.0,7.0,0.0,7.0,9224.0,3255.0,0.0,3255.0,0.7391617918102412,0.2608382081897588,,0.2608382081897588,0.061596815984186766,0.03726260116996554,,0.03726260116996554,12479.0,19,1.0,0.05263157894736842
益子町議会議員選挙（2007年04月22日投票）,栃木県,益子町議会議員選挙（2007年04月22日投票）,12.0,9.0,0.0,0.5714285714285714,0.42857142857142855,0.0,10.0,6.0,0,0.625,0.375,0.0,12.0,9.0,0.0,9.0,8509.0,6207.0,0.0,6207.0,0.5782141886382169,0.4217858113617831,,0.4217858113617831,0.04818451571985141,0.046865090151309234,,0.046865090151309234,14716.0,21,1.0,0.047619047619047616
益子町議会議員補欠選挙（2006年04月09日投票）,栃木県,益子町議会議員補欠選挙（2006年04月09日投票）,0.0,1.0,1.0,0.0,0.5,0.5,0.0,0,True,0.0,0.0,1.0,0.0,1.0,1.0,2.0,0.0,3969.0,6999.0,10968.0,,0.361870897155361,0.638129102844639,1.0,,0.361870897155361,0.638129102844639,0.5,10968.0,2,0.0,0.0
茂木町議会議員選挙（2019年04月21日投票）,栃木県,茂木町議会議員選挙（2019年04月21日投票）,13.0,2.0,0.0,0.8666666666666667,0.13333333333333333,0.0,12.0,2.0,0,0.8571428571428571,0.14285714285714285,0.0,13.0,2.0,0.0,2.0,6482.999,1168.0,0.0,1168.0,0.847340197012181,0.15265980298781898,,0.15265980298781898,0.06518001515478315,0.07632990149390949,,0.07632990149390949,7650.999000000001,15,0.0,0.0
茂木町議会議員補欠選挙（2018年07月08日投票）,栃木県,茂木町議会議員補欠選挙（2018年07月08日投票）,0.0,1.0,0.0,0.0,1.0,0.0,0.0,True,0,0.0,1.0,0.0,0.0,0.0,0.0,0.0,,,,,,,,,,,,,,0,,
茂木町議会議員選挙（2015年04月26日投票）,栃木県,茂木町議会議員選挙（2015年04月26日投票）,11.0,3.0,0.0,0.7857142857142857,0.21428571428571427,0.0,11.0,3.0,0,0.7857142857142857,0.21428571428571427,0.0,0.0,0.0,0.0,0.0,,,,,,,,,,,,,,0,,
茂木町議会議員補欠選挙（2014年06月22日投票）,栃木県,茂木町議会議員補欠選挙（2014年06月22日投票）,0.0,1.0,0.0,0.0,1.0,0.0,0.0,True,0,0.0,1.0,0.0,0.0,0.0,0.0,0.0,,,,,,,,,,,,,,0,,
茂木町議会議員選挙（2011年04月24日投票）,栃木県,茂木町議会議員選挙（2011年04月24日投票）,9.0,4.0,1.0,0.6428571428571429,0.2857142857142857,0.07142857142857142,9.0,4.0,1.0,0.6428571428571429,0.2857142857142857,0.07142857142857142,0.0,0.0,0.0,0.0,,,,,,,,,,,,,,0,,
茂木町議会議員選挙（2007年04月22日投票）,栃木県,茂木町議会議員選挙（2007年04月22日投票）,15.0,3.0,0.0,0.8333333333333334,0.16666666666666666,0.0,11.0,3.0,0,0.7857142857142857,0.21428571428571427,0.0,15.0,3.0,0.0,3.0,8562.99,2470.0,0.0,2470.0,0.7761259640405729,0.22387403595942715,,0.22387403595942715,0.05174173093603819,0.07462467865314239,,0.07462467865314239,11032.99,18,0.0,0.0
茂木町議会議員選挙（2003年04月27日投票）,栃木県,茂木町議会議員選挙（2003年04月27日投票）,14.0,4.0,4.0,0.6363636363636364,0.18181818181818182,0.18181818181818182,13.0,3.0,4.0,0.65,0.15,0.2,14.0,4.0,4.0,8.0,7738.86,1892.0,1960.15,3852.15,0.6676605403670602,0.16322995148826547,0.1691095081446742,0.33233945963293965,0.04769003859764716,0.04080748787206637,0.04227737703616855,0.041542432454117456,11591.01,22,1.0,0.045454545454545456
市貝町議会議員選挙（2019年04月21日投票）,栃木県,市貝町議会議員選挙（2019年04月21日投票）,10.0,4.0,0.0,0.7142857142857143,0.2857142857142857,0.0,10.0,2.0,0,0.8333333333333334,0.16666666666666666,0.0,10.0,4.0,0.0,4.0,4525.0,1321.0,0.0,1321.0,0.7740335271980842,0.22596647280191584,,0.22596647280191584,0.07740335271980842,0.05649161820047896,,0.05649161820047896,5846.0,14,0.0,0.0
市貝町議会議員選挙（2015年04月26日投票）,栃木県,市貝町議会議員選挙（2015年04月26日投票）,11.0,2.0,0.0,0.8461538461538461,0.15384615384615385,0.0,10.0,2.0,0,0.8333333333333334,0.16666666666666666,0.0,11.0,2.0,0.0,2.0,5177.0,868.0,0.0,868.0,0.8564102564102564,0.14358974358974358,,0.14358974358974358,0.07785547785547785,0.07179487179487179,,0.07179487179487179,6045.0,13,0.0,0.0
市貝町議会議員補欠選挙（2013年11月10日投票）,栃木県,市貝町議会議員補欠選挙（2013年11月10日投票）,0.0,2.0,0.0,0.0,1.0,0.0,0.0,True,0,0.0,1.0,0.0,0.0,2.0,0.0,2.0,0.0,6456.0,0.0,6456.0,,1.0,,1.0,,0.5,,0.5,6456.0,2,0.0,0.0
市貝町議会議員選挙（2011年04月24日投票）,栃木県,市貝町議会議員選挙（2011年04月24日投票）,7.0,6.0,1.0,0.5,0.42857142857142855,0.07142857142857142,6.0,5.0,1.0,0.5,0.4166666666666667,0.08333333333333333,7.0,6.0,1.0,7.0,3197.0,2553.0,408.0,2961.0,0.5191620656057161,0.41458265670672295,0.0662552776875609,0.48083793439428385,0.07416600937224516,0.06909710945112049,0.0662552776875609,0.06869113348489769,6158.0,14,0.0,0.0
市貝町議会議員補欠選挙（2009年11月08日投票）,栃木県,市貝町議会議員補欠選挙（2009年11月08日投票）,0.0,2.0,0.0,0.0,1.0,0.0,0.0,True,0,0.0,1.0,0.0,0.0,2.0,0.0,2.0,0.0,6471.0,0.0,6471.0,,1.0,,1.0,,0.5,,0.5,6471.0,2,0.0,0.0
市貝町議会議員選挙（2007年04月22日投票）,栃木県,市貝町議会議員選挙（2007年04月22日投票）,10.0,4.0,0.0,0.7142857142857143,0.2857142857142857,0.0,8.0,4.0,0,0.6666666666666666,0.3333333333333333,0.0,10.0,4.0,0.0,4.0,5009.0,2129.0,0.0,2129.0,0.7017371812832727,0.2982628187167274,,0.2982628187167274,0.07017371812832726,0.07456570467918185,,0.07456570467918185,7138.0,14,0.0,0.0
市貝町議会議員選挙（2003年04月27日投票）,栃木県,市貝町議会議員選挙（2003年04月27日投票）,13.0,5.0,1.0,0.6842105263157895,0.2631578947368421,0.05263157894736842,12.0,5.0,1.0,0.6666666666666666,0.2777777777777778,0.05555555555555555,13.0,5.0,1.0,6.0,5366.39,1563.0,415.61,1978.6100000000001,0.7306181075561607,0.21279782164737918,0.056584070796460176,0.26938189244383937,0.05620139288893544,0.04255956432947584,0.056584070796460176,0.044896982073973225,7345.0,19,0.0,0.0
芳賀町議会議員選挙（2019年04月21日投票）,栃木県,芳賀町議会議員選挙（2019年04月21日投票）,11.0,4.0,0.0,0.7333333333333333,0.26666666666666666,0.0,10.0,4.0,0,0.7142857142857143,0.2857142857142857,0.0,11.0,4.0,0.0,4.0,6328.9980000000005,2796.0,0.0,2796.0,0.6935889739373094,0.30641102606269066,,0.30641102606269066,0.06305354308520995,0.07660275651567267,,0.07660275651567267,9124.998,15,0.0,0.0
芳賀町議会議員選挙（2015年04月26日投票）,栃木県,芳賀町議会議員選挙（2015年04月26日投票）,12.0,4.0,0.0,0.75,0.25,0.0,11.0,3.0,0,0.7857142857142857,0.21428571428571427,0.0,12.0,4.0,0.0,4.0,7433.599999999999,2187.4,0.0,2187.4,0.7726431763849911,0.22735682361500884,,0.22735682361500884,0.06438693136541593,0.05683920590375221,,0.05683920590375221,9621.0,16,0.0,0.0
芳賀町議会議員選挙（2011年04月24日投票）,栃木県,芳賀町議会議員選挙（2011年04月24日投票）,12.0,3.0,0.0,0.8,0.2,0.0,12.0,3.0,0,0.8,0.2,0.0,0.0,0.0,0.0,0.0,,,,,,,,,,,,,,0,,
芳賀町議会議員選挙（2007年04月22日投票）,栃木県,芳賀町議会議員選挙（2007年04月22日投票）,11.0,8.0,0.0,0.5789473684210527,0.42105263157894735,0.0,9.0,7.0,0,0.5625,0.4375,0.0,11.0,8.0,0.0,8.0,6272.82,4879.17,0.0,4879.17,0.5624843637772272,0.4375156362227728,,0.4375156362227728,0.05113494216156611,0.0546894545278466,,0.0546894545278466,11151.99,19,0.0,0.0
芳賀町議会議員選挙（2003年04月27日投票）,栃木県,芳賀町議会議員選挙（2003年04月27日投票）,16.0,5.0,0.0,0.7619047619047619,0.23809523809523808,0.0,15.0,5.0,0,0.75,0.25,0.0,16.0,5.0,0.0,5.0,8734.99,2487.01,0.0,2487.01,0.7783808590269115,0.2216191409730886,,0.2216191409730886,0.048648803689181966,0.04432382819461772,,0.04432382819461772,11222.0,21,0.0,0.0
芳賀町議会議員選挙（1999年04月25日投票）,栃木県,芳賀町議会議員選挙（1999年04月25日投票）,15.0,2.0,5.0,0.6818181818181818,0.09090909090909091,0.22727272727272727,15.0,1.0,4.0,0.75,0.05,0.2,15.0,2.0,5.0,7.0,8613.0,690.0,2640.0,3330.0,0.7211755840241145,0.057774428535543834,0.22104998744034163,0.2788244159758855,0.0480783722682743,0.028887214267771917,0.04420999748806832,0.0398320594251265,11943.0,22,0.0,0.0
芳賀町議会議員選挙（1995年04月23日投票）,栃木県,芳賀町議会議員選挙（1995年04月23日投票）,20.0,4.0,0.0,0.8333333333333334,0.16666666666666666,0.0,18.0,4.0,0,0.8181818181818182,0.18181818181818182,0.0,20.0,4.0,0.0,4.0,9928.43,1731.5700000000002,0.0,1731.5700000000002,0.8514948542024015,0.14850514579759863,,0.14850514579759863,0.04257474271012007,0.03712628644939966,,0.03712628644939966,11660.0,24,0.0,0.0
芳賀町議会議員補欠選挙（1993年10月10日投票）,栃木県,芳賀町議会議員補欠選挙（1993年10月10日投票）,0.0,21.0,2.0,0.0,0.9130434782608695,0.08695652173913043,0.0,18.0,2.0,0.0,0.9,0.1,0.0,21.0,2.0,23.0,0.0,10385.000000000002,922.0,11307.000000000002,,0.9184575926417263,0.08154240735827362,1.0,,0.043736075840082204,0.04077120367913681,0.043478260869565216,11307.0,23,0.0,0.0
壬生町議会議員選挙（2018年03月25日投票）,栃木県,壬生町議会議員選挙（2018年03月25日投票）,12.0,4.0,1.0,0.7058823529411765,0.23529411764705882,0.058823529411764705,12.0,3.0,1.0,0.75,0.1875,0.0625,12.0,4.0,1.0,5.0,12483.0,2836.0,427.0,3263.0,0.7927727676870316,0.18010923409119775,0.02711799822177061,0.20722723231296838,0.06606439730725264,0.04502730852279944,0.02711799822177061,0.041445446462593676,15746.0,17,1.0,0.058823529411764705
壬生町議会議員選挙（2014年03月23日投票）,栃木県,壬生町議会議員選挙（2014年03月23日投票）,16.0,1.0,0.0,0.9411764705882353,0.058823529411764705,0.0,15.0,1.0,0,0.9375,0.0625,0.0,16.0,1.0,0.0,1.0,15220.99,1091.0,0.0,1091.0,0.933116682881733,0.06688331711826699,,0.06688331711826699,0.05831979268010831,0.06688331711826699,,0.06688331711826699,16311.989999999998,17,0.0,0.0
壬生町議会議員選挙（2010年03月28日投票）,栃木県,壬生町議会議員選挙（2010年03月28日投票）,9.0,9.0,0.0,0.5,0.5,0.0,9.0,7.0,0,0.5625,0.4375,0.0,9.0,9.0,0.0,9.0,10495.14,9622.86,0.0,9622.86,0.5216790933492395,0.47832090665076055,,0.47832090665076055,0.05796434370547105,0.05314676740564006,,0.05314676740564006,20118.0,18,0.0,0.0
壬生町議会議員選挙（2006年03月26日投票）,栃木県,壬生町議会議員選挙（2006年03月26日投票）,13.0,4.0,2.0,0.6842105263157895,0.21052631578947367,0.10526315789473684,11.0,3.0,2.0,0.6875,0.1875,0.125,13.0,4.0,2.0,6.0,11432.0,4877.79,2708.21,7586.0,0.6011147334104533,0.2564828057629614,0.14240246082658534,0.39888526658954676,0.04623959487772718,0.06412070144074035,0.07120123041329267,0.06648087776492446,19018.0,19,0.0,0.0
壬生町議会議員選挙（2002年03月24日投票）,栃木県,壬生町議会議員選挙（2002年03月24日投票）,15.0,7.0,3.0,0.6,0.28,0.12,15.0,5.0,2.0,0.6818181818181818,0.22727272727272727,0.09090909090909091,15.0,7.0,3.0,10.0,14238.0,4802.0199999999995,2007.0,6809.0199999999995,0.6764853171612893,0.22815676518576022,0.09535791765295039,0.32351468283871065,0.045099021144085955,0.03259382359796575,0.03178597255098346,0.03235146828387107,21047.02,25,0.0,0.0
野木町議会議員選挙（2019年04月21日投票）,栃木県,野木町議会議員選挙（2019年04月21日投票）,12.0,7.0,1.0,0.6,0.35,0.05,11.0,2.0,1.0,0.7857142857142857,0.14285714285714285,0.07142857142857142,12.0,7.0,1.0,8.0,6750.621999999999,2359.465,1155.911,3515.376,0.6575709443933264,0.22983298847321032,0.11259606713346332,0.34242905560667364,0.05479757869944387,0.03283328406760148,0.11259606713346332,0.042803631950834205,10265.998,20,2.0,0.1
野木町議会議員選挙（2015年04月26日投票）,栃木県,野木町議会議員選挙（2015年04月26日投票）,9.0,9.0,0.0,0.5,0.5,0.0,9.0,5.0,0,0.6428571428571429,0.35714285714285715,0.0,9.0,9.0,0.0,9.0,6372.0,4404.0,0.0,4404.0,0.5913140311804009,0.4086859688195991,,0.4086859688195991,0.06570155902004454,0.04540955209106657,,0.04540955209106657,10776.0,18,1.0,0.05555555555555555
野木町議会議員選挙（2011年04月24日投票）,栃木県,野木町議会議員選挙（2011年04月24日投票）,9.0,6.0,1.0,0.5625,0.375,0.0625,8.0,4.0,1.0,0.6153846153846154,0.3076923076923077,0.07692307692307693,9.0,6.0,1.0,7.0,6980.4800000000005,2773.51,764.0,3537.51,0.6636705302058663,0.2636920172010051,0.07263745259312852,0.33632946979413364,0.07374117002287403,0.04394866953350085,0.07263745259312852,0.04804706711344766,10517.99,16,1.0,0.0625
野木町議会議員選挙（2007年04月22日投票）,栃木県,野木町議会議員選挙（2007年04月22日投票）,15.0,4.0,3.0,0.6818181818181818,0.18181818181818182,0.13636363636363635,14.0,2.0,2.0,0.7777777777777778,0.1111111111111111,0.1111111111111111,15.0,4.0,3.0,7.0,10270.85,1737.3400000000001,2243.8,3981.1400000000003,0.7206607638652567,0.12190157304348374,0.15743766309125953,0.27933923613474326,0.04804405092435045,0.030475393260870936,0.05247922103041985,0.03990560516210618,14251.99,22,0.0,0.0
岩舟町議会議員選挙（2013年09月08日投票）,栃木県,岩舟町議会議員選挙（2013年09月08日投票）,11.0,2.0,1.0,0.7857142857142857,0.14285714285714285,0.07142857142857142,11.0,2.0,1.0,0.7857142857142857,0.14285714285714285,0.07142857142857142,0.0,0.0,0.0,0.0,,,,,,,,,,,,,,0,,
岩舟町議会議員補欠選挙（2011年12月25日投票）,栃木県,岩舟町議会議員補欠選挙（2011年12月25日投票）,0.0,1.0,0.0,0.0,1.0,0.0,0.0,True,0,0.0,1.0,0.0,0.0,0.0,0.0,0.0,,,,,,,,,,,,,,0,,
岩舟町議会議員選挙（2009年09月27日投票）,栃木県,岩舟町議会議員選挙（2009年09月27日投票）,11.0,5.0,0.0,0.6875,0.3125,0.0,10.0,4.0,0,0.7142857142857143,0.2857142857142857,0.0,11.0,5.0,0.0,5.0,7767.39,3396.61,0.0,3396.61,0.6957533142242924,0.3042466857757076,,0.3042466857757076,0.0632503012931175,0.06084933715514153,,0.06084933715514153,11164.0,16,0.0,0.0
塩谷町議会議員選挙（2021年04月25日投票）,栃木県,塩谷町議会議員選挙（2021年04月25日投票）,10.0,3.0,1.0,0.7142857142857143,0.21428571428571427,0.07142857142857142,9.0,2.0,1.0,0.75,0.16666666666666666,0.08333333333333333,10.0,3.0,1.0,4.0,4232.998,1212.152,511.847,1723.999,0.7105926022793028,0.20348373517730498,0.08592366254339226,0.28940739772069723,0.07105926022793027,0.06782791172576833,0.08592366254339226,0.07235184943017431,5956.996999999999,14,0.0,0.0
塩谷町議会議員選挙（2017年04月16日投票）,栃木県,塩谷町議会議員選挙（2017年04月16日投票）,11.0,10.0,1.0,0.5,0.45454545454545453,0.045454545454545456,7.0,5.0,0,0.5833333333333334,0.4166666666666667,0.0,11.0,10.0,1.0,11.0,4007.1800000000003,3344.8199999999997,82.0,3426.8199999999997,0.5390341673392521,0.4499354317998385,0.011030400860909336,0.46096583266074787,0.04900310612175019,0.04499354317998385,0.011030400860909336,0.041905984787340714,7433.999999999999,22,1.0,0.045454545454545456
塩谷町議会議員選挙（2013年04月14日投票）,栃木県,塩谷町議会議員選挙（2013年04月14日投票）,9.0,1.0,2.0,0.75,0.08333333333333333,0.16666666666666666,9.0,1.0,2.0,0.75,0.08333333333333333,0.16666666666666666,0.0,0.0,0.0,0.0,,,,,,,,,,,,,,0,,
塩谷町議会議員選挙（2009年04月12日投票）,栃木県,塩谷町議会議員選挙（2009年04月12日投票）,11.0,2.0,0.0,0.8461538461538461,0.15384615384615385,0.0,10.0,2.0,0,0.8333333333333334,0.16666666666666666,0.0,11.0,2.0,0.0,2.0,6452.2,1351.8,0.0,1351.8,0.8267811378780112,0.17321886212198873,,0.17321886212198873,0.07516192162527374,0.08660943106099436,,0.08660943106099436,7804.0,13,0.0,0.0
塩谷町議会議員補欠選挙（2008年08月03日投票）,栃木県,塩谷町議会議員補欠選挙（2008年08月03日投票）,0.0,2.0,0.0,0.0,1.0,0.0,0.0,True,0,0.0,1.0,0.0,0.0,2.0,0.0,2.0,0.0,6510.0,0.0,6510.0,,1.0,,1.0,,0.5,,0.5,6510.0,2,0.0,0.0
高根沢町議会議員選挙（2018年04月15日投票）,栃木県,高根沢町議会議員選挙（2018年04月15日投票）,,,,,,,,,,,,,,,,,,,,,,,,,,,,,11253.997,17,0.0,0.0
高根沢町議会議員補欠選挙（2017年03月26日投票）,栃木県,高根沢町議会議員補欠選挙（2017年03月26日投票）,0.0,1.0,1.0,0.0,0.5,0.5,0.0,0,True,0.0,0.0,1.0,0.0,1.0,1.0,2.0,0.0,2539.0,7633.0,10172.0,,0.24960676366496265,0.7503932363350374,1.0,,0.24960676366496265,0.7503932363350374,0.5,10172.0,2,0.0,0.0
高根沢町議会議員選挙（2014年04月13日投票）,栃木県,高根沢町議会議員選挙（2014年04月13日投票）,14.0,7.0,2.0,0.6086956521739131,0.30434782608695654,0.08695652173913043,12.0,5.0,0,0.7058823529411765,0.29411764705882354,0.0,14.0,7.0,2.0,9.0,9539.327,3401.5150000000003,111.154,3512.6690000000003,0.7308711249988125,0.2606126296698222,0.00851624533136541,0.2691288750011876,0.05220508035705803,0.037230375667117455,0.004258122665682705,0.029903208333465287,13051.996000000001,23,2.0,0.08695652173913043
高根沢町議会議員補欠選挙（2013年04月21日投票）,栃木県,高根沢町議会議員補欠選挙（2013年04月21日投票）,0.0,3.0,0.0,0.0,1.0,0.0,0.0,True,0,0.0,1.0,0.0,0.0,3.0,0.0,3.0,0.0,9216.0,0.0,9216.0,,1.0,,1.0,,0.3333333333333333,,0.3333333333333333,9216.0,3,0.0,0.0
高根沢町議会議員選挙（2010年04月11日投票）,栃木県,高根沢町議会議員選挙（2010年04月11日投票）,13.0,6.0,0.0,0.6842105263157895,0.3157894736842105,0.0,12.0,5.0,0,0.7058823529411765,0.29411764705882354,0.0,13.0,6.0,0.0,6.0,10066.0,4068.0,0.0,4068.0,0.7121833875760577,0.28781661242394224,,0.28781661242394224,0.05478333750585059,0.047969435403990374,,0.047969435403990374,14134.0,19,0.0,0.0
高根沢町議会議員選挙（2006年04月09日投票）,栃木県,高根沢町議会議員選挙（2006年04月09日投票）,16.0,1.0,0.0,0.9411764705882353,0.058823529411764705,0.0,16.0,1.0,0,0.9411764705882353,0.058823529411764705,0.0,0.0,0.0,0.0,0.0,,,,,,,,,,,,,,0,,
那須町議会議員選挙（2019年02月17日投票）,栃木県,那須町議会議員選挙（2019年02月17日投票）,7.0,8.0,1.0,0.4375,0.5,0.0625,7.0,6.0,0,0.5384615384615384,0.46153846153846156,0.0,7.0,8.0,1.0,9.0,5034.977,6173.022,308.0,6481.022,0.4372158246974492,0.5360387752725577,0.026745400029993056,0.5627841753025509,0.06245940352820702,0.06700484690906972,0.026745400029993056,0.06253157503361677,11515.999,16,0.0,0.0
那須町議会議員補欠選挙（2018年03月25日投票）,栃木県,那須町議会議員補欠選挙（2018年03月25日投票）,0.0,4.0,0.0,0.0,1.0,0.0,0.0,2.0,0,0.0,1.0,0.0,0.0,4.0,0.0,4.0,0.0,11092.0,0.0,11092.0,,1.0,,1.0,,0.25,,0.25,11092.0,4,0.0,0.0
那須町議会議員選挙（2015年02月15日投票）,栃木県,那須町議会議員選挙（2015年02月15日投票）,8.0,10.0,1.0,0.42105263157894735,0.5263157894736842,0.05263157894736842,8.0,8.0,0,0.5,0.5,0.0,8.0,10.0,1.0,11.0,6598.0,6225.0,224.0,6449.0,0.5057101249329348,0.4771211772821338,0.0171686977849314,0.49428987506706523,0.06321376561661685,0.047712117728213384,0.0171686977849314,0.04493544318791502,13047.0,19,0.0,0.0
那須町議会議員選挙（2011年02月13日投票）,栃木県,那須町議会議員選挙（2011年02月13日投票）,13.0,5.0,0.0,0.7222222222222222,0.2777777777777778,0.0,12.0,4.0,0,0.75,0.25,0.0,13.0,5.0,0.0,5.0,10377.0,4394.0,0.0,4394.0,0.7025252183332205,0.2974747816667795,,0.2974747816667795,0.054040401410247726,0.0594949563333559,,0.0594949563333559,14771.0,18,1.0,0.05555555555555555
那須町議会議員補欠選挙（2010年03月28日投票）,栃木県,那須町議会議員補欠選挙（2010年03月28日投票）,0.0,4.0,0.0,0.0,1.0,0.0,0.0,3.0,0,0.0,1.0,0.0,0.0,4.0,0.0,4.0,0.0,13889.0,0.0,13889.0,,1.0,,1.0,,0.25,,0.25,13889.0,4,0.0,0.0
那須町議会議員選挙（2007年02月18日投票）,栃木県,那須町議会議員選挙（2007年02月18日投票）,11.0,6.0,0.0,0.6470588235294118,0.35294117647058826,0.0,10.0,6.0,0,0.625,0.375,0.0,11.0,6.0,0.0,6.0,9451.0,6212.0,0.0,6212.0,0.6033965396156548,0.3966034603843453,,0.3966034603843453,0.05485423087415043,0.06610057673072421,,0.06610057673072421,15663.0,17,0.0,0.0
那須町議会議員補欠選挙（2003年08月31日投票）,栃木県,那須町議会議員補欠選挙（2003年08月31日投票）,0.0,8.0,1.0,0.0,0.8888888888888888,0.1111111111111111,0.0,4.0,1.0,0.0,0.8,0.2,0.0,8.0,1.0,9.0,0.0,9959.27,995.73,10955.0,,0.9091072569602922,0.0908927430397079,1.0,,0.11363840712003652,0.0908927430397079,0.1111111111111111,10955.0,9,0.0,0.0
那須町議会議員選挙（2003年02月16日投票）,栃木県,那須町議会議員選挙（2003年02月16日投票）,15.0,8.0,1.0,0.625,0.3333333333333333,0.041666666666666664,15.0,6.0,1.0,0.6818181818181818,0.2727272727272727,0.045454545454545456,15.0,8.0,1.0,9.0,10900.42,5261.57,1016.0,6277.57,0.6345573609019449,0.3062971861085028,0.05914545298955234,0.36544263909805513,0.04230382406012966,0.03828714826356285,0.05914545298955234,0.04060473767756168,17177.989999999998,24,0.0,0.0
那須町議会議員補欠選挙（2002年04月07日投票）,栃木県,那須町議会議員補欠選挙（2002年04月07日投票）,0.0,4.0,0.0,0.0,1.0,0.0,0.0,2.0,0,0.0,1.0,0.0,0.0,4.0,0.0,4.0,0.0,15868.0,0.0,15868.0,,1.0,,1.0,,0.25,,0.25,15868.0,4,0.0,0.0
那珂川町議会議員選挙（2018年04月22日投票）,栃木県,那珂川町議会議員選挙（2018年04月22日投票）,11.0,6.0,1.0,0.6111111111111112,0.3333333333333333,0.05555555555555555,9.0,4.0,0,0.6923076923076923,0.3076923076923077,0.0,11.0,6.0,1.0,7.0,6184.414,2656.24,168.342,2824.582,0.686470945264045,0.2948430657533869,0.018685988982568093,0.31352905473595505,0.06240644956945863,0.04914051095889782,0.018685988982568093,0.04478986496227929,9008.996,18,0.0,0.0
那珂川町議会議員補欠選挙（2017年10月29日投票）,栃木県,那珂川町議会議員補欠選挙（2017年10月29日投票）,0.0,4.0,1.0,0.0,0.8,0.2,0.0,3.0,0,0.0,1.0,0.0,0.0,4.0,1.0,5.0,0.0,4483.13,533.87,5017.0,,0.8935878014749851,0.10641219852501495,1.0,,0.22339695036874627,0.10641219852501495,0.2,5017.0,5,0.0,0.0
那珂川町議会議員選挙（2014年04月20日投票）,栃木県,那珂川町議会議員選挙（2014年04月20日投票）,11.0,4.0,1.0,0.6875,0.25,0.0625,11.0,3.0,1.0,0.7333333333333333,0.2,0.06666666666666667,11.0,4.0,1.0,5.0,7710.736,1947.262,307.0,2254.2619999999997,0.7737819917274444,0.19541017469346206,0.030807833579093544,0.2262180082725556,0.07034381742976768,0.048852543673365514,0.030807833579093544,0.04524360165451112,9964.998,16,0.0,0.0
那珂川町議会議員選挙（2010年04月18日投票）,栃木県,那珂川町議会議員選挙（2010年04月18日投票）,11.0,4.0,1.0,0.6875,0.25,0.0625,11.0,3.0,1.0,0.7333333333333333,0.2,0.06666666666666667,11.0,4.0,1.0,5.0,8120.219999999999,2423.77,815.0,3238.77,0.7148716567230009,0.21337900640814017,0.07174933686885894,0.2851283432769991,0.06498833242936372,0.05334475160203504,0.07174933686885894,0.05702566865539982,11358.99,16,0.0,0.0
那珂川町議会議員選挙（2006年04月16日投票）,栃木県,那珂川町議会議員選挙（2006年04月16日投票）,17.0,3.0,0.0,0.85,0.15,0.0,16.0,2.0,0,0.8888888888888888,0.1111111111111111,0.0,17.0,3.0,0.0,3.0,10836.76,2090.24,0.0,2090.24,0.8383043242825094,0.1616956757174905,,0.1616956757174905,0.049312019075441735,0.053898558572496834,,0.053898558572496834,12927.0,20,0.0,0.0
