,election,prefecture,municipality,ymd,year,month,day,kokuji_ymd,voting_rate,n_seats_display,n_cand_display,compe_ratio_display,n_voters_inlaw,male_voters_inlaw,female_voters_inlaw,change_voters_inlaw,reason,pre_voting_rate,pre_seats_display,pre_n_cand_display,pre_compe_rate_display,ele_ymd,n_districts,n_cand_data,n_wins_data,compe_rate_data,no_voting_ratio_win,no_voting_ratio_districts,minasi_nv_ratio_districts,ratio_women_cand,ratio_women_wins,ratio_inc_cand,ratio_new_cand,ratio_form_cand,ratio_inc_wins,ratio_new_wins,ratio_form_wins,ratio_inc_votes,ratio_new_votes,ratio_form_votes,ratio_inc_votes_percand,ratio_new_votes_percand,ratio_form_votes_percand,all_votes,n_circles,age_mean_cand,age_std_cand,age_min_cand,age_1q_cand,age_median_cand,age_3q_cand,age_max_cand,age_mean_wins,age_std_wins,age_min_wins,age_1q_wins,age_median_wins,age_3q_wins,age_max_wins,得票数_みんなの党,得票数_公明党,得票数_国民民主党,得票数_幸福実現党,得票数_庶民党,得票数_日本共産党,得票数_日本維新の会,得票数_民主党,得票数_民進党,得票数_無所属,得票数_社会民主党,得票数_立憲民主党,得票数_老人福祉人権党,得票数_老人福祉党,得票数_自由党,得票数_自由民主党,得票数_sum_v,得票率_みんなの党,得票率_公明党,得票率_国民民主党,得票率_幸福実現党,得票率_庶民党,得票率_日本共産党,得票率_日本維新の会,得票率_民主党,得票率_民進党,得票率_無所属,得票率_社会民主党,得票率_立憲民主党,得票率_老人福祉人権党,得票率_老人福祉党,得票率_自由党,得票率_自由民主党,得票率_sum_v,一人あたり得票率_みんなの党,一人あたり得票率_公明党,一人あたり得票率_国民民主党,一人あたり得票率_幸福実現党,一人あたり得票率_庶民党,一人あたり得票率_日本共産党,一人あたり得票率_日本維新の会,一人あたり得票率_民主党,一人あたり得票率_民進党,一人あたり得票率_無所属,一人あたり得票率_社会民主党,一人あたり得票率_立憲民主党,一人あたり得票率_老人福祉人権党,一人あたり得票率_老人福祉党,一人あたり得票率_自由党,一人あたり得票率_自由民主党,立候補者数_みんなの党,立候補者数_公明党,立候補者数_国民民主党,立候補者数_幸福実現党,立候補者数_庶民党,立候補者数_日本共産党,立候補者数_日本維新の会,立候補者数_民主党,立候補者数_民進党,立候補者数_無所属,立候補者数_社会民主党,立候補者数_立憲民主党,立候補者数_老人福祉人権党,立候補者数_老人福祉党,立候補者数_自由党,立候補者数_自由民主党,当選者数_みんなの党,当選者数_公明党,当選者数_国民民主党,当選者数_幸福実現党,当選者数_庶民党,当選者数_日本共産党,当選者数_日本維新の会,当選者数_民主党,当選者数_民進党,当選者数_無所属,当選者数_社会民主党,当選者数_立憲民主党,当選者数_老人福祉人権党,当選者数_老人福祉党,当選者数_自由党,当選者数_自由民主党
中津市議会議員選挙（2003年04月27日投票）,中津市議会議員選挙,大分県,中津市,20030427.0,2003.0,4.0,27.0,20030420.0,76.47,26.0,33.0,1.2692307692307692,51508.0,,,,任期満了,,,,,中津市議会議員選挙（2003年04月27日投票）,1.0,33.0,26.0,1.2692307692307692,0.0,0.0,0.0,0.15151515151515152,0.11538461538461539,0.6363636363636364,0.3333333333333333,0.030303030303030304,0.6538461538461539,0.3076923076923077,0.038461538461538464,0.6421910227505636,0.33300881328141013,0.024800163968026236,0.03058052489288398,0.030273528480128195,0.024800163968026236,39032.0,5.0,55.24242424242424,7.207026466351087,38.0,50.0,55.0,60.0,75.0,55.57692307692308,7.711994039871006,38.0,50.25,55.0,60.0,75.0,,2964.0,,,,2367.1099999999997,,,,31588.89,805.0,,,,,1307.0,39032.0,,0.07593769215003074,,,,0.060645367903258855,,,,0.8093074912891985,0.020624103299856526,,,,,0.03348534535765526,1.0,,0.03796884607501537,,,,0.030322683951629428,,,,0.029974351529229577,0.020624103299856526,,,,,0.03348534535765526,,2.0,,,,2.0,,,,27.0,1.0,,,,,1.0,,2.0,,,,2.0,,,,21.0,0.0,,,,,1.0
中津市議会議員選挙（2007年04月22日投票）,中津市議会議員選挙,大分県,中津市,20070422.0,2007.0,4.0,22.0,20070415.0,76.22,30.0,49.0,1.6333333333333333,67779.0,,,16271.0,任期満了,76.47,,,,中津市議会議員選挙（2007年04月22日投票）,1.0,49.0,30.0,1.6333333333333333,0.0,0.0,0.0,0.08163265306122448,0.13333333333333333,0.6938775510204082,0.16326530612244897,0.14285714285714285,0.7666666666666667,0.1,0.13333333333333333,0.7456307229738964,0.12173216970264941,0.13263710732345418,0.02193031538158519,0.015216521212831177,0.018948158189064885,51219.0,5.0,57.326530612244895,9.19047367281445,33.0,54.0,58.0,64.0,88.0,56.1,7.318242047559418,33.0,53.25,57.0,60.0,68.0,,3377.0,,,,3272.46,,622.0,,42894.54,,,,,,1053.0,51219.0,,0.06593256408754564,,,,0.06389152462953201,,0.012143930963119155,,0.8374732033034616,,,,,,0.02055877701634159,1.0,,0.03296628204377282,,,,0.02129717487651067,,0.012143930963119155,,0.019939838173891944,,,,,,0.02055877701634159,,2.0,,,,3.0,,1.0,,42.0,,,,,,1.0,,2.0,,,,2.0,,0.0,,25.0,,,,,,1.0
中津市議会議員選挙（2011年04月24日投票）,中津市議会議員選挙,大分県,中津市,20110424.0,2011.0,4.0,24.0,20110417.0,70.61,28.0,33.0,1.1785714285714286,67847.0,,,68.0,任期満了,76.22,,,,中津市議会議員選挙（2011年04月24日投票）,1.0,33.0,28.0,1.1785714285714286,0.0,0.0,0.0,0.12121212121212122,0.14285714285714285,0.696969696969697,0.24242424242424243,0.06060606060606061,0.7142857142857143,0.21428571428571427,0.07142857142857142,0.6880677866070865,0.2531458803195413,0.058786333073372256,0.029915990722047238,0.031643235039942666,0.029393166536686128,47443.0,3.0,,,,,,,,56.67857142857143,8.19430800455227,37.0,51.75,58.5,61.25,72.0,,3512.0,,,,3887.0,,,,40044.0,,,,,,,47443.0,,0.07402567291275847,,,,0.0819298948211538,,,,0.8440444322660877,,,,,,,1.0,,0.03701283645637923,,,,0.0273099649403846,,,,0.030144444009503134,,,,,,,,2.0,,,,3.0,,,,28.0,,,,,,,,2.0,,,,3.0,,,,23.0,,,,,,
中津市議会議員選挙（2015年04月26日投票）,中津市議会議員選挙,大分県,中津市,20150426.0,2015.0,4.0,26.0,20150419.0,61.43,26.0,27.0,1.0384615384615383,67645.0,,,-202.0,任期満了,70.61,,,,中津市議会議員選挙（2015年04月26日投票）,1.0,27.0,26.0,1.0384615384615385,0.0,0.0,0.0,0.18518518518518517,0.19230769230769232,0.7407407407407407,0.25925925925925924,0.0,0.7692307692307693,0.23076923076923078,0.0,0.7526873875188482,0.2473126124811518,,0.03763436937594241,0.035330373211593116,,41118.0,4.0,59.629629629629626,6.418423414054658,41.0,55.5,59.0,64.0,73.0,59.34615384615385,6.372671868656202,41.0,55.25,59.0,63.75,73.0,,3690.0,,,,3803.01,,,,31902.989999999998,,,,,,1722.0,41118.0,,0.0897417189552021,,,,0.09249015029913907,,,,0.7758886618998978,,,,,,0.04187946884576098,1.0,,0.04487085947760105,,,,0.030830050099713024,,,,0.03694707913809037,,,,,,0.04187946884576098,,2.0,,,,3.0,,,,21.0,,,,,,1.0,,2.0,,,,3.0,,,,20.0,,,,,,1.0
中津市議会議員選挙（2019年04月21日投票）,中津市議会議員選挙,大分県,中津市,20190421.0,2019.0,4.0,21.0,20190414.0,57.82,24.0,28.0,1.1666666666666667,67848.0,,,203.0,任期満了,61.43,,,,中津市議会議員選挙（2019年04月21日投票）,1.0,28.0,24.0,1.1666666666666667,0.0,0.0,0.0,0.21428571428571427,0.20833333333333334,0.75,0.25,0.0,0.8333333333333334,0.16666666666666666,0.0,0.8442525773195876,0.15574742268041236,,0.040202503681885125,0.02224963181148748,,38800.0,5.0,59.964285714285715,7.674085068114183,42.0,57.0,62.0,66.0,70.0,59.208333333333336,7.98946789355976,42.0,56.75,61.0,64.5,70.0,,3726.0,,596.0,,3803.0,,,,29130.0,,,,,,1545.0,38800.0,,0.09603092783505154,,0.01536082474226804,,0.09801546391752577,,,,0.7507731958762887,,,,,,0.03981958762886598,1.0,,0.04801546391752577,,0.01536082474226804,,0.032671821305841925,,,,0.03575110456553755,,,,,,0.03981958762886598,,2.0,,1.0,,3.0,,,,21.0,,,,,,1.0,,2.0,,0.0,,3.0,,,,18.0,,,,,,1.0
九重町議会議員補欠選挙（2016年10月16日投票）,九重町議会議員補欠選挙,大分県,九重町,20161016.0,2016.0,10.0,16.0,20161011.0,無投票,1.0,1.0,1.0,,,,,任期満了,,,,,九重町議会議員補欠選挙（2016年10月16日投票）,1.0,1.0,1.0,1.0,1.0,1.0,0.0,0.0,0.0,0.0,1.0,0.0,0.0,1.0,0.0,,,,,,,0.0,0.0,62.0,0.0,62.0,62.0,62.0,62.0,62.0,62.0,0.0,62.0,62.0,62.0,62.0,62.0,,,,,,,,,,,,,,,,,,,,,,,,,,,,,,,,,,,,,,,,,,,,,,,,,,,,,,,,,,,,,,,,,,,,,,,,,,,,,,,,,,
九重町議会議員選挙（2007年02月04日投票）,九重町議会議員選挙,大分県,九重町,20070204.0,2007.0,2.0,4.0,20070130.0,無投票,13.0,13.0,1.0,9621.0,,,,任期満了,,,,,九重町議会議員選挙（2007年02月04日投票）,1.0,13.0,13.0,1.0,1.0,1.0,0.0,0.07692307692307693,0.07692307692307693,0.8461538461538461,0.15384615384615385,0.0,0.8461538461538461,0.15384615384615385,0.0,,,,,,,0.0,1.0,60.23076923076923,7.287015281716948,47.0,55.0,61.0,65.0,71.0,60.23076923076923,7.287015281716948,47.0,55.0,61.0,65.0,71.0,,,,,,,,,,,,,,,,,0.0,,,,,,,,,,,,,,,,,,,,,,,,,,,,,,,,,,,,,,,,,,,13.0,,,,,,,,,,,,,,,,13.0,,,,,,
九重町議会議員選挙（2011年02月06日投票）,九重町議会議員選挙,大分県,九重町,20110206.0,2011.0,2.0,6.0,20110201.0,80.7,13.0,15.0,1.1538461538461535,9165.0,,,-456.0,任期満了,,,,,九重町議会議員選挙（2011年02月06日投票）,1.0,15.0,13.0,1.1538461538461537,0.0,0.0,0.0,0.13333333333333333,0.07692307692307693,0.5333333333333333,0.4666666666666667,0.0,0.6153846153846154,0.38461538461538464,0.0,0.5570285012955134,0.44297149870448654,,0.06962856266193918,0.06328164267206951,,7333.0,1.0,57.86666666666667,6.984427121978023,47.0,51.5,59.0,61.0,75.0,58.92307692307692,6.9111007523742165,47.0,56.0,59.0,62.0,75.0,,,,,,,,,,7333.0,,,,,,,7333.0,,,,,,,,,,1.0,,,,,,,1.0,,,,,,,,,,0.06666666666666667,,,,,,,,,,,,,,,,15.0,,,,,,,,,,,,,,,,13.0,,,,,,
九重町議会議員選挙（2015年02月08日投票）,九重町議会議員選挙,大分県,九重町,20150208.0,2015.0,2.0,8.0,20150203.0,75.37,13.0,14.0,1.0769230769230769,8664.0,,,-501.0,任期満了,80.7,,,,九重町議会議員選挙（2015年02月08日投票）,1.0,14.0,13.0,1.0769230769230769,0.0,0.0,0.0,0.14285714285714285,0.15384615384615385,0.7857142857142857,0.14285714285714285,0.07142857142857142,0.7692307692307693,0.15384615384615385,0.07692307692307693,0.7842894696149683,0.15122931807638781,0.06448121230864388,0.07129904269226985,0.07561465903819391,0.06448121230864388,6467.0,1.0,63.42857142857143,6.275966467568228,54.0,62.0,63.0,65.75,79.0,62.84615384615385,6.137478232405752,54.0,62.0,63.0,65.0,79.0,,,,,,,,,,6467.0,,,,,,,6467.0,,,,,,,,,,1.0,,,,,,,1.0,,,,,,,,,,0.07142857142857142,,,,,,,,,,,,,,,,14.0,,,,,,,,,,,,,,,,13.0,,,,,,
九重町議会議員選挙（2019年02月03日投票）,九重町議会議員選挙,大分県,九重町,20190203.0,2019.0,2.0,3.0,20190129.0,75.25,12.0,15.0,1.25,8178.0,,,-486.0,任期満了,75.37,,,,九重町議会議員選挙（2019年02月03日投票）,1.0,15.0,12.0,1.25,0.0,0.0,0.0,0.13333333333333333,0.16666666666666666,0.7333333333333333,0.26666666666666666,0.0,0.75,0.25,0.0,0.803389272787101,0.196610727212899,,0.073035388435191,0.04915268180322475,,6078.0,1.0,62.733333333333334,7.5141348285895315,39.0,58.5,66.0,67.0,70.0,63.833333333333336,4.199867722784718,58.0,58.75,65.5,67.0,70.0,,,,,,,,,,6078.0,,,,,,,6078.0,,,,,,,,,,1.0,,,,,,,1.0,,,,,,,,,,0.06666666666666667,,,,,,,,,,,,,,,,15.0,,,,,,,,,,,,,,,,12.0,,,,,,
佐伯市議会議員選挙（2005年04月17日投票）,佐伯市議会議員選挙,大分県,佐伯市,20050417.0,2005.0,4.0,17.0,20050410.0,82.6,0.0,66.0,,68856.0,,,,その他,,,,,佐伯市議会議員選挙（2005年04月17日投票）,9.0,66.0,44.0,1.5,0.0,0.0,0.0,0.045454545454545456,0.022727272727272728,0.0,1.0,0.0,0.0,1.0,0.0,,1.0,,,0.015151515151515152,,56038.0,5.0,57.196969696969695,7.532192921799265,31.0,54.0,58.0,62.75,71.0,56.72727272727273,8.30761872774743,31.0,53.75,57.5,62.25,70.0,,3483.73,,,,1042.0,,,,44048.0,4218.0,,,,,3246.27,56038.0,,0.06216727934615796,,,,0.01859452514365252,,,,0.7860380456119062,0.07527035226096578,,,,,0.05792979763731754,1.0,,0.03108363967307898,,,,0.01859452514365252,,,,0.013790141151086073,0.025090117420321925,,,,,0.019309932545772512,,2.0,,,,1.0,,,,57.0,3.0,,,,,3.0,,2.0,,,,1.0,,,,35.0,3.0,,,,,3.0
佐伯市議会議員選挙（2009年04月12日投票）,佐伯市議会議員選挙,大分県,佐伯市,20090412.0,2009.0,4.0,12.0,20090405.0,78.72,30.0,33.0,1.1,67000.0,,,-1856.0,任期満了,82.6,,,,佐伯市議会議員選挙（2009年04月12日投票）,1.0,33.0,30.0,1.1,0.0,0.0,0.0,0.030303030303030304,0.03333333333333333,0.696969696969697,0.30303030303030304,0.0,0.7,0.3,0.0,0.6624670741819163,0.33753292581808364,,0.02880291626877897,0.03375329258180836,,51859.0,6.0,56.96969696969697,7.366940273891308,35.0,54.0,59.0,62.0,67.0,57.03333333333333,7.678903278174269,35.0,54.75,59.0,62.0,67.0,,4754.23,,,,1349.0,,2354.16,,40760.61,1511.0,,,,,1130.0,51859.0,,0.0916760832256696,,,,0.026012842515281822,,0.045395399062843476,,0.785989124356428,0.029136697583833086,,,,,0.021789853255944003,1.0,,0.0458380416128348,,,,0.026012842515281822,,0.045395399062843476,,0.029110708309497333,0.029136697583833086,,,,,0.021789853255944003,,2.0,,,,1.0,,1.0,,27.0,1.0,,,,,1.0,,2.0,,,,1.0,,1.0,,24.0,1.0,,,,,1.0
佐伯市議会議員選挙（2013年04月14日投票）,佐伯市議会議員選挙,大分県,佐伯市,20130414.0,2013.0,4.0,14.0,20130407.0,73.58,26.0,28.0,1.0769230769230769,,,,,任期満了,78.72,,,,佐伯市議会議員選挙（2013年04月14日投票）,1.0,28.0,26.0,1.0769230769230769,0.0,0.0,0.0,0.03571428571428571,0.038461538461538464,0.7142857142857143,0.2857142857142857,0.0,0.7692307692307693,0.23076923076923078,0.0,0.7158957501760976,0.2841042498239023,,0.03579478750880488,0.03551303122798779,,46849.0,7.0,57.32142857142857,8.631559912936494,39.0,51.0,61.0,63.0,69.0,57.42307692307692,8.307425209381512,39.0,51.5,61.0,63.0,69.0,,4808.0,,,,1534.0,2271.0,2075.0,,30543.0,1575.0,,,,,4043.0,46849.0,,0.10262759077034729,,,,0.032743495058592496,0.04847488740421354,0.04429123353753549,,0.6519456124997332,0.03361864714294862,,,,,0.08629853358662938,1.0,,0.051313795385173645,,,,0.032743495058592496,0.04847488740421354,0.04429123353753549,,0.034312926973670166,0.03361864714294862,,,,,0.028766177862209794,,2.0,,,,1.0,1.0,1.0,,19.0,1.0,,,,,3.0,,2.0,,,,1.0,1.0,1.0,,17.0,1.0,,,,,3.0
佐伯市議会議員選挙（2017年04月09日投票）,佐伯市議会議員選挙,大分県,佐伯市,20170409.0,2017.0,4.0,9.0,20170402.0,62.41,25.0,26.0,1.04,62874.0,,,,任期満了/市選管は、5月4日清家儀太郎市議が死去して市議に欠員が生じたことを受け、先月９日の市議選で次点だった幸福実現党の新人、菅さとみ氏（４９）の繰り上げ当選を決めた（2017/05/11）,73.58,,,,佐伯市議会議員選挙（2017年04月09日投票）,1.0,26.0,25.0,1.04,0.0,0.0,0.0,0.07692307692307693,0.08,0.6923076923076923,0.3076923076923077,0.0,0.72,0.28,0.0,0.6742012717864223,0.32579872821357775,,0.03745562621035679,0.04072484102669722,,38843.0,7.0,58.65384615384615,8.935419183022773,36.0,52.75,62.0,65.0,73.0,59.04,8.897100651335805,36.0,55.0,62.0,65.0,73.0,,4027.87,,652.0,,1364.0,,,1934.66,25707.13,1603.0,,,,,3554.34,38843.0,,0.10369616147053523,,0.016785521200731148,,0.035115722266560255,,,0.04980717246350694,0.6618214350075947,0.04126869706253379,,,,,0.09150529052853797,1.0,,0.051848080735267615,,0.016785521200731148,,0.035115722266560255,,,0.04980717246350694,0.03893067264750557,0.04126869706253379,,,,,0.030501763509512655,,2.0,,1.0,,1.0,,,1.0,17.0,1.0,,,,,3.0,,2.0,,0.0,,1.0,,,1.0,17.0,1.0,,,,,3.0
佐伯市議会議員選挙（2021年04月11日投票）,佐伯市議会議員選挙,大分県,佐伯市,20210411.0,2021.0,4.0,11.0,20210404.0,66.86,25.0,26.0,1.04,59352.0,27200.0,32152.0,-3522.0,任期満了,62.41,,,,佐伯市議会議員選挙（2021年04月11日投票）,1.0,26.0,25.0,1.04,0.0,0.0,0.0,0.11538461538461539,0.12,0.6538461538461539,0.34615384615384615,0.0,0.68,0.32,0.0,0.6521649854983188,0.3478350145016812,,0.03836264620578346,0.03864833494463124,,38961.0,5.0,56.34615384615385,10.118309024476021,35.0,48.5,57.5,65.75,70.0,56.6,10.23718711365578,35.0,48.0,59.0,66.0,70.0,,4171.0,,,,1460.0,,,,29133.0,,1684.0,,,,2513.0,38961.0,,0.10705577372244039,,,,0.03747337080670414,,,,0.7477477477477478,,0.04322270988937656,,,,0.06450039783373117,1.0,,0.053527886861220196,,,,0.03747337080670414,,,,0.03738738738738739,,0.04322270988937656,,,,0.032250198916865584,,2.0,,,,1.0,,,,20.0,,1.0,,,,2.0,,2.0,,,,1.0,,,,19.0,,1.0,,,,2.0
別府市議会議員補欠選挙（2006年05月21日投票）,別府市議会議員補欠選挙,大分県,別府市,20060521.0,2006.0,5.0,21.0,20060514.0,無投票,2.0,2.0,1.0,100296.0,,,,その他,,,,,別府市議会議員補欠選挙（2006年05月21日投票）,1.0,2.0,2.0,1.0,1.0,1.0,0.0,0.0,0.0,0.0,0.5,0.5,0.0,0.5,0.5,,,,,,,0.0,1.0,47.5,14.5,33.0,40.25,47.5,54.75,62.0,47.5,14.5,33.0,40.25,47.5,54.75,62.0,,,,,,,,,,,,,,,,,0.0,,,,,,,,,,,,,,,,,,,,,,,,,,,,,,,,,,,,,,,,,,,2.0,,,,,,,,,,,,,,,,2.0,,,,,,
別府市議会議員選挙（2003年04月27日投票）,別府市議会議員選挙,大分県,別府市,20030427.0,2003.0,4.0,27.0,20030420.0,73.44,31.0,34.0,1.0967741935483872,100567.0,,,,任期満了,,,,,別府市議会議員選挙（2003年04月27日投票）,1.0,34.0,31.0,1.096774193548387,0.0,0.0,0.0,0.08823529411764706,0.0967741935483871,0.7352941176470589,0.23529411764705882,0.029411764705882353,0.8064516129032258,0.1935483870967742,0.0,0.7266237369554415,0.2549344321130805,0.018441830931478106,0.02906494947821766,0.03186680401413506,0.018441830931478106,72444.0,5.0,56.705882352941174,10.106868403582569,28.0,52.25,56.5,61.75,79.0,56.645161290322584,10.508209961115575,28.0,52.0,57.0,61.5,79.0,,10316.26,,,,4823.0,,,,25686.47,7431.0,,,,,24187.27,72444.0,,0.1424032356026724,,,,0.06657556181326266,,,,0.3545700126994644,0.10257578267351333,,,,,0.3338754072110872,1.0,,0.0356008089006681,,,,0.02219185393775422,,,,0.0295475010582887,0.03419192755783778,,,,,0.027822950600923935,,4.0,,,,3.0,,,,12.0,3.0,,,,,12.0,,4.0,,,,3.0,,,,9.0,3.0,,,,,12.0
別府市議会議員選挙（2007年04月22日投票）,別府市議会議員選挙,大分県,別府市,20070422.0,2007.0,4.0,22.0,20070415.0,61.99,29.0,33.0,1.137931034482759,100251.0,,,-316.0,任期満了,73.44,,,,別府市議会議員選挙（2007年04月22日投票）,1.0,33.0,29.0,1.1379310344827587,0.0,0.0,0.0,0.09090909090909091,0.10344827586206896,0.6363636363636364,0.30303030303030304,0.06060606060606061,0.7241379310344828,0.20689655172413793,0.06896551724137931,0.607689916901132,0.29664823660276124,0.09566184649610679,0.028937615090530097,0.029664823660276125,0.047830923248053395,61132.0,5.0,55.09090909090909,10.618347860885226,32.0,48.0,56.0,62.0,74.0,56.96551724137931,9.267975111290268,32.0,49.0,57.0,63.0,74.0,,9108.0,,,,4538.0,,,,24947.7,1653.0,,,,,20885.3,61132.0,,0.14898907282601584,,,,0.07423280769482432,,,,0.4080955964143166,0.027039848197343452,,,,,0.34164267486749983,1.0,,0.03724726820650396,,,,0.024744269231608107,,,,0.03139196895494743,0.027039848197343452,,,,,0.028470222905624985,,4.0,,,,3.0,,,,13.0,1.0,,,,,12.0,,4.0,,,,3.0,,,,9.0,1.0,,,,,12.0
別府市議会議員選挙（2011年04月24日投票）,別府市議会議員選挙,大分県,別府市,20110424.0,2011.0,4.0,24.0,20110417.0,64.29,25.0,31.0,1.24,99042.0,,,-1209.0,任期満了,61.99,,,,別府市議会議員選挙（2011年04月24日投票）,1.0,31.0,25.0,1.24,0.0,0.0,0.0,0.0967741935483871,0.04,0.7741935483870968,0.22580645161290322,0.0,0.8,0.2,0.0,0.8154180413615515,0.18458195863844853,,0.03397575172339798,0.026368851234064076,,62135.0,4.0,,,,,,,,56.52,10.79674024879732,27.0,52.0,58.0,62.0,76.0,,9444.0,,,,5214.0,,,,23560.0,,,,,,23917.0,62135.0,,0.15199163112577452,,,,0.08391405809929992,,,,0.37917437836967893,,,,,,0.38491993240524663,1.0,,0.03799790778144363,,,,0.02797135269976664,,,,0.03159786486413991,,,,,,0.032076661033770555,,4.0,,,,3.0,,,,12.0,,,,,,12.0,,4.0,,,,2.0,,,,10.0,,,,,,9.0
別府市議会議員選挙（2015年04月26日投票）,別府市議会議員選挙,大分県,別府市,20150426.0,2015.0,4.0,26.0,20150419.0,63.77,25.0,32.0,1.28,,,,,任期満了,64.29,,,,別府市議会議員選挙（2015年04月26日投票）,1.0,32.0,25.0,1.28,0.0,0.0,0.0,0.0625,0.0,0.6875,0.25,0.0625,0.8,0.16,0.04,0.7462217043941411,0.1933255659121172,0.060452729693741686,0.03391916838155187,0.02416569573901465,0.030226364846870843,60080.0,4.0,58.375,11.534594704626599,31.0,51.5,60.0,66.0,80.0,59.92,11.373372411030951,31.0,55.0,61.0,66.0,80.0,,9162.0,,,,4390.0,,,,22846.0,,,,,,23682.000000000004,60080.0,,0.15249667110519308,,,,0.07306924101198402,,,,0.3802596537949401,,,,,,0.3941744340878829,1.0,,0.03812416777629827,,,,0.03653462050599201,,,,0.029250742599610777,,,,,,0.03032111031445253,,4.0,,,,2.0,,,,13.0,,,,,,13.0,,4.0,,,,2.0,,,,9.0,,,,,,10.0
別府市議会議員選挙（2019年04月21日投票）,別府市議会議員選挙,大分県,別府市,20190421.0,2019.0,4.0,21.0,20190414.0,52.27,25.0,34.0,1.36,95962.0,,,,任期満了,63.77,,,,別府市議会議員選挙（2019年04月21日投票）,1.0,34.0,25.0,1.36,0.0,0.0,0.0,0.058823529411764705,0.08,0.5882352941176471,0.35294117647058826,0.058823529411764705,0.8,0.12,0.08,0.6745332447479692,0.23357311216249543,0.0918936430895354,0.03372666223739846,0.019464426013541286,0.0459468215447677,49491.998,6.0,58.029411764705884,13.109236290668022,29.0,47.0,60.5,67.5,84.0,60.92,12.995137552176969,29.0,57.0,63.0,70.0,84.0,,7544.0,844.0,,322.0,3116.0,,,,21776.0,,,,,,15889.998,49491.998,,0.15242868150119945,0.017053261822244477,,0.006506102259197537,0.06295967279397369,,,,0.43999031924312293,,,,,,0.32106196238026197,1.0,,0.03810717037529986,0.017053261822244477,,0.006506102259197537,0.03147983639698684,,,,0.027499394952695183,,,,,,0.0321061962380262,,4.0,1.0,,1.0,2.0,,,,16.0,,,,,,10.0,,4.0,0.0,,0.0,2.0,,,,9.0,,,,,,10.0
国東市議会議員選挙（2006年04月23日投票）,国東市議会議員選挙,大分県,国東市,20060423.0,2006.0,4.0,23.0,20060416.0,86.11,0.0,42.0,,28529.0,,,,その他,,,,,国東市議会議員選挙（2006年04月23日投票）,4.0,42.0,26.0,1.6153846153846154,0.0,0.0,0.0,0.023809523809523808,0.0,0.0,1.0,0.0,0.0,1.0,0.0,,1.0,,,0.023809523809523808,,24352.0,2.0,57.38095238095238,7.779559238807388,40.0,50.5,57.5,64.0,71.0,56.69230769230769,8.721190950646198,40.0,48.5,56.0,64.75,71.0,,,,,,1035.0,,,,23317.0,,,,,,,24352.0,,,,,,0.042501642575558475,,,,0.9574983574244416,,,,,,,1.0,,,,,,0.021250821287779238,,,,0.02393745893561104,,,,,,,,,,,,2.0,,,,40.0,,,,,,,,,,,,1.0,,,,25.0,,,,,,
国東市議会議員選挙（2010年04月11日投票）,国東市議会議員選挙,大分県,国東市,20100411.0,2010.0,4.0,11.0,20100404.0,79.01,22.0,26.0,1.181818181818182,27672.0,,,-857.0,任期満了,86.11,,,,国東市議会議員選挙（2010年04月11日投票）,1.0,26.0,22.0,1.1818181818181819,0.0,0.0,0.0,0.038461538461538464,0.045454545454545456,1.0,0.0,0.0,1.0,0.0,0.0,1.0,,,0.038461538461538464,,,21723.0,1.0,,,,,,,,,,,,,,,,,,,,,,,,21723.0,,,,,,,21723.0,,,,,,,,,,1.0,,,,,,,1.0,,,,,,,,,,0.038461538461538464,,,,,,,,,,,,,,,,26.0,,,,,,,,,,,,,,,,22.0,,,,,,
国東市議会議員選挙（2014年04月13日投票）,国東市議会議員選挙,大分県,国東市,20140413.0,2014.0,4.0,13.0,20140406.0,74.18,20.0,23.0,1.15,,,,,任期満了,79.01,,,,国東市議会議員選挙（2014年04月13日投票）,1.0,23.0,20.0,1.15,0.0,0.0,0.0,0.043478260869565216,0.05,0.782608695652174,0.21739130434782608,0.0,0.75,0.25,0.0,0.7779293697853807,0.2220706302146193,,0.04321829832141004,0.044414126042923864,,19057.0,1.0,59.43478260869565,6.983372095363832,40.0,55.5,60.0,64.5,70.0,58.15,6.5366275708502775,40.0,54.5,59.0,64.0,66.0,,,,,,,,,,19057.0,,,,,,,19057.0,,,,,,,,,,1.0,,,,,,,1.0,,,,,,,,,,0.043478260869565216,,,,,,,,,,,,,,,,23.0,,,,,,,,,,,,,,,,20.0,,,,,,
国東市議会議員選挙（2018年04月15日投票）,国東市議会議員選挙,大分県,国東市,20180415.0,2018.0,4.0,15.0,20180408.0,70.71,18.0,21.0,1.1666666666666667,,,,,任期満了,74.18,,,,国東市議会議員選挙（2018年04月15日投票）,1.0,21.0,18.0,1.1666666666666667,0.0,0.0,0.0,0.047619047619047616,0.05555555555555555,0.8095238095238095,0.14285714285714285,0.047619047619047616,0.8333333333333334,0.1111111111111111,0.05555555555555555,0.8216835559649931,0.1271879318286504,0.051128512206356516,0.04833432682147018,0.0423959772762168,0.051128512206356516,17368.0,2.0,60.714285714285715,7.911070345636263,39.0,57.0,62.0,67.0,70.0,60.111111111111114,8.312566717452484,39.0,57.0,61.0,67.0,70.0,,,,,,888.0,,,,16480.0,,,,,,,17368.0,,,,,,0.051128512206356516,,,,0.9488714877936435,,,,,,,1.0,,,,,,0.051128512206356516,,,,0.04744357438968218,,,,,,,,,,,,1.0,,,,20.0,,,,,,,,,,,,1.0,,,,17.0,,,,,,
大分市議会議員補欠選挙（2003年04月27日投票）,大分市議会議員補欠選挙,大分県,大分市,20030427.0,2003.0,4.0,27.0,20030420.0,無投票,2.0,2.0,1.0,337302.0,,,,その他,,,,,大分市議会議員補欠選挙（2003年04月27日投票）,1.0,2.0,2.0,1.0,1.0,1.0,0.0,0.5,0.5,0.0,1.0,0.0,0.0,1.0,0.0,,,,,,,0.0,2.0,48.5,0.5,48.0,48.25,48.5,48.75,49.0,48.5,0.5,48.0,48.25,48.5,48.75,49.0,,,,,,,,,,,,,,,,,0.0,,,,,,,,,,,,,,,,,,,,,,,,,,,,,,,,,,,,,,,,,,,1.0,1.0,,,,,,,,,,,,,,,1.0,1.0,,,,,
大分市議会議員補欠選挙（2007年04月22日投票）,大分市議会議員補欠選挙,大分県,大分市,20070422.0,2007.0,4.0,22.0,20070415.0,無投票,1.0,1.0,1.0,,,,,その他,,,,,大分市議会議員補欠選挙（2007年04月22日投票）,1.0,1.0,1.0,1.0,1.0,1.0,0.0,0.0,0.0,0.0,0.0,1.0,0.0,0.0,1.0,,,,,,,0.0,1.0,43.0,0.0,43.0,43.0,43.0,43.0,43.0,43.0,0.0,43.0,43.0,43.0,43.0,43.0,,,,,,,,,,,,,,,,,0.0,,,,,,,,,,,,,,,,,,,,,,,,,,,,,,,,,,,,,,,,,,,,1.0,,,,,,,,,,,,,,,,1.0,,,,,
大分市議会議員補欠選挙（2011年04月24日投票）,大分市議会議員補欠選挙,大分県,大分市,20110424.0,2011.0,4.0,24.0,20110417.0,37.44,2.0,3.0,1.5,374052.0,,,,その他,,,,,大分市議会議員補欠選挙（2011年04月24日投票）,1.0,3.0,2.0,1.5,0.0,0.0,0.0,0.0,0.0,0.0,0.6666666666666666,0.3333333333333333,0.0,0.5,0.5,,0.5349567406975226,0.4650432593024773,,0.2674783703487613,0.4650432593024773,130261.0,3.0,,,,,,,,44.0,3.0,41.0,42.5,44.0,45.5,47.0,,,,,,,,49723.0,,19961.0,,,,,,60577.0,130261.0,,,,,,,,0.381718242605231,,0.15323849809229162,,,,,,0.4650432593024773,1.0,,,,,,,,0.381718242605231,,0.15323849809229162,,,,,,0.4650432593024773,,,,,,,,1.0,,1.0,,,,,,1.0,,,,,,,,1.0,,0.0,,,,,,1.0
大分市議会議員選挙（2001年02月25日投票）,大分市議会議員選挙,大分県,大分市,20010225.0,2001.0,2.0,25.0,20010218.0,63.85,48.0,55.0,1.1458333333333333,334835.0,,,,任期満了,,,,,大分市議会議員選挙（2001年02月25日投票）,1.0,55.0,48.0,1.1458333333333333,0.0,0.0,0.0,0.05454545454545454,0.0625,0.7636363636363637,0.23636363636363636,0.0,0.8541666666666666,0.14583333333333334,0.0,0.8404589000591366,0.1595410999408634,,0.020010926191884205,0.012272392303143339,,211375.0,6.0,51.63636363636363,7.532628748834541,35.0,48.0,51.0,56.5,66.0,51.3125,7.323353768367787,35.0,47.0,51.0,56.0,66.0,,27571.0,,,,13638.0,,4446.0,,73670.0,40685.0,,,,,51365.0,211375.0,,0.13043642814902426,,,,0.0645204021289178,,0.02103370786516854,,0.3485274985215849,0.19247782377291545,,,,,0.24300413956238912,1.0,,0.021739404691504042,,,,0.01613010053222945,,0.02103370786516854,,0.0165965475486469,0.021386424863657272,,,,,0.01735743854017065,,6.0,,,,4.0,,1.0,,21.0,9.0,,,,,14.0,,6.0,,,,4.0,,1.0,,14.0,9.0,,,,,14.0
大分市議会議員選挙（2005年02月20日投票）,大分市議会議員選挙,大分県,大分市,20050220.0,2005.0,2.0,20.0,20050213.0,59.15,0.0,64.0,,364727.0,,,29892.0,任期満了,63.85,,,,大分市議会議員選挙（2005年02月20日投票）,3.0,64.0,48.0,1.3333333333333333,0.0,0.0,0.0,0.078125,0.041666666666666664,0.59375,0.390625,0.015625,0.75,0.22916666666666666,0.020833333333333332,0.6940831594005769,0.2912314439154804,0.014685396683942684,0.01826534630001518,0.011649257756619215,0.014685396683942684,213205.0,6.0,52.40625,7.574048516975581,31.0,48.0,53.0,57.0,71.0,52.875,6.414907767588453,39.0,49.0,53.5,57.0,66.0,,25935.0,,,,13256.0,,12585.0,,81389.0,29056.0,,,,,50984.0,213205.0,,0.12164348866114773,,,,0.062174902089538235,,0.05902769634858469,,0.3817405783166436,0.136281982129875,,,,,0.23913135245421074,1.0,,0.020273914776857953,,,,0.010362483681589705,,0.019675898782861564,,0.013633592082737272,0.019468854589982144,,,,,0.017080810889586483,,6.0,,,,6.0,,3.0,,28.0,7.0,,,,,14.0,,6.0,,,,4.0,,3.0,,16.0,5.0,,,,,14.0
大分市議会議員選挙（2009年02月22日投票）,大分市議会議員選挙,大分県,大分市,20090222.0,2009.0,2.0,22.0,20090215.0,無投票,46.0,15.0,0.32608695652173914,372943.0,,,8216.0,任期満了,59.15,,,,大分市議会議員選挙（2009年02月22日投票）,1.0,15.0,8.0,1.875,1.0,1.0,0.0,0.13333333333333333,0.25,0.6,0.4,0.0,0.875,0.125,0.0,,,,,,,45986.36,5.0,57.06666666666667,6.677990383008615,42.0,54.0,58.0,59.5,70.0,58.25,4.9180788932265,54.0,54.75,57.0,59.25,70.0,,9530.0,,,,7281.0,,7816.26,,16135.1,,,,,,5224.0,45986.36,,0.20723536283367502,,,,0.15832955685120545,,0.16996909518387626,,0.35086708319597376,,,,,,0.1135989019352695,1.0,,0.10361768141683751,,,,0.07916477842560272,,0.08498454759193813,,0.05012386902799625,,,,,,0.05679945096763475,,2.0,,,,2.0,,2.0,,7.0,,,,,,2.0,,2.0,,,,2.0,,2.0,,1.0,,,,,,1.0
大分市議会議員選挙（2013年02月24日投票）,大分市議会議員選挙,大分県,大分市,20130224.0,2013.0,2.0,24.0,20130217.0,51.68,44.0,55.0,1.25,379787.0,,,6844.0,任期満了,57.56,,,,大分市議会議員選挙（2013年02月24日投票）,1.0,55.0,44.0,1.25,0.0,0.0,0.0,0.09090909090909091,0.045454545454545456,0.7272727272727273,0.2545454545454545,0.01818181818181818,0.8181818181818182,0.18181818181818182,0.0,0.7780624342769954,0.2112930163508526,0.010644549372152003,0.019451560856924885,0.015092358310775185,0.010644549372152003,193996.0,7.0,52.61818181818182,9.876493505639647,25.0,48.0,53.0,59.5,71.0,54.86363636363637,8.9457732759182,25.0,49.0,56.5,61.0,71.0,2664.0,24372.0,,,,11152.0,,11271.0,,70279.0,24273.0,,,,,49985.0,193996.0,0.013732241901894884,0.125631456318687,,,,0.05748572135507948,,0.058099136064661126,,0.3622703560898163,0.12512113651827872,,,,,0.2576599517515825,1.0,0.013732241901894884,0.0209385760531145,,,,0.01437143033876987,,0.019366378688220377,,0.01646683436771892,0.025024227303655742,,,,,0.01840428226797018,1.0,6.0,,,,4.0,,3.0,,22.0,5.0,,,,,14.0,1.0,6.0,,,,3.0,,3.0,,13.0,5.0,,,,,13.0
大分市議会議員選挙（2017年02月19日投票）,大分市議会議員選挙,大分県,大分市,20170219.0,2017.0,2.0,19.0,20170212.0,48.18,44.0,49.0,1.1136363636363635,393305.0,,,13518.0,任期満了,51.68,,,,大分市議会議員選挙（2017年02月19日投票）,1.0,49.0,44.0,1.1136363636363635,0.0,0.0,0.0,0.04081632653061224,0.045454545454545456,0.7755102040816326,0.20408163265306123,0.02040816326530612,0.8409090909090909,0.13636363636363635,0.022727272727272728,0.7683127016089463,0.2175866985074336,0.014100599883620129,0.020218755305498586,0.02175866985074336,0.014100599883620129,187296.996,8.0,56.04081632653061,10.72087261083223,29.0,52.0,57.0,64.0,75.0,55.54545454545455,10.731124116018249,29.0,52.0,56.5,63.25,75.0,,24926.785,,,,11325.404,3132.0,,6410.0,68258.931,20363.068,,,,2471.0,50409.808,187296.99599999998,,0.13308694497161078,,,,0.06046762223564975,0.016722104822225768,,0.03422372027792694,0.3644422092066015,0.10872073997385415,,,,0.0131929505158748,0.26914370799625636,1.0,,0.02218115749526846,,,,0.015116905558912437,0.008361052411112884,,0.01711186013896347,0.022777638075412592,0.027180184993463537,,,,0.0131929505158748,0.01922455057116117,,6.0,,,,4.0,2.0,,2.0,16.0,4.0,,,,1.0,14.0,,6.0,,,,3.0,0.0,,2.0,14.0,4.0,,,,1.0,14.0
大分市議会議員選挙（2021年02月21日投票）,大分市議会議員選挙,大分県,大分市,20210221.0,2021.0,2.0,21.0,20210214.0,46.18,44.0,58.0,1.318181818181818,394530.0,186795.0,207735.0,1225.0,任期満了,48.18,,,,大分市議会議員選挙（2021年02月21日投票）,1.0,58.0,44.0,1.3181818181818181,0.0,0.0,0.0,0.10344827586206896,0.09090909090909091,0.7413793103448276,0.25862068965517243,0.0,0.8409090909090909,0.1590909090909091,0.0,0.8005450831501587,0.19945491684984124,,0.01861732751511997,0.013296994456656082,,180156.0,7.0,57.06896551724138,10.768507835295052,32.0,50.25,57.0,66.5,79.0,59.52272727272727,10.384622889733814,32.0,55.0,59.5,67.25,79.0,,23311.0,,,,8611.0,3079.0,,,75557.0,17572.0,8653.0,,,,43373.0,180156.0,,0.12939341459623882,,,,0.04779746441972513,0.01709074357778814,,,0.4193976331623704,0.09753768955793868,0.048030595705943736,,,,0.24075245897999512,1.0,,0.021565569099373138,,,,0.015932488139908375,0.01709074357778814,,,0.016130678198552708,0.02438442238948467,0.016010198568647913,,,,0.016050163931999675,,6.0,,,,3.0,1.0,,,26.0,4.0,3.0,,,,15.0,,6.0,,,,2.0,1.0,,,16.0,4.0,3.0,,,,12.0
姫島村議会議員選挙（1999年04月25日投票）,姫島村議会議員選挙,大分県,姫島村,19990425.0,1999.0,4.0,25.0,19990420.0,無投票,12.0,12.0,1.0,2371.0,,,,任期満了,,,,,姫島村議会議員選挙（1999年04月25日投票）,1.0,12.0,12.0,1.0,1.0,1.0,0.0,0.0,0.0,0.9166666666666666,0.08333333333333333,0.0,0.9166666666666666,0.08333333333333333,0.0,,,,,,,0.0,1.0,64.41666666666667,6.473771869800651,52.0,59.75,66.0,70.25,73.0,64.41666666666667,6.473771869800651,52.0,59.75,66.0,70.25,73.0,,,,,,,,,,,,,,,,,0.0,,,,,,,,,,,,,,,,,,,,,,,,,,,,,,,,,,,,,,,,,,,12.0,,,,,,,,,,,,,,,,12.0,,,,,,
姫島村議会議員選挙（2003年04月27日投票）,姫島村議会議員選挙,大分県,姫島村,20030427.0,2003.0,4.0,27.0,20030422.0,91.11,10.0,11.0,1.1,2294.0,,,-77.0,任期満了,,,,,姫島村議会議員選挙（2003年04月27日投票）,1.0,11.0,10.0,1.1,0.0,0.0,0.0,0.0,0.0,0.8181818181818182,0.18181818181818182,0.0,0.9,0.1,0.0,0.8849301877708233,0.1150698122291767,,0.09832557641898038,0.05753490611458835,,2077.0,1.0,66.27272727272727,5.1889902519383035,56.0,63.5,65.0,70.5,74.0,65.8,5.2115256883181535,56.0,63.25,65.0,70.0,74.0,,,,,,,,,,2077.0,,,,,,,2077.0,,,,,,,,,,1.0,,,,,,,1.0,,,,,,,,,,0.09090909090909091,,,,,,,,,,,,,,,,11.0,,,,,,,,,,,,,,,,10.0,,,,,,
姫島村議会議員選挙（2007年04月22日投票）,姫島村議会議員選挙,大分県,姫島村,20070422.0,2007.0,4.0,22.0,20070417.0,93.24,8.0,10.0,1.25,2176.0,,,-118.0,任期満了,91.11,,,,姫島村議会議員選挙（2007年04月22日投票）,1.0,10.0,8.0,1.25,0.0,0.0,0.0,0.0,0.0,0.5,0.5,0.0,0.5,0.5,0.0,0.5611083621969322,0.4388916378030678,,0.11222167243938644,0.08777832756061356,,2021.0,1.0,60.9,7.8670197660867744,45.0,58.0,59.5,67.0,74.0,59.625,7.296189073756244,45.0,57.0,59.5,65.0,69.0,,,,,,,,,,2021.0,,,,,,,2021.0,,,,,,,,,,1.0,,,,,,,1.0,,,,,,,,,,0.1,,,,,,,,,,,,,,,,10.0,,,,,,,,,,,,,,,,8.0,,,,,,
姫島村議会議員選挙（2011年04月24日投票）,姫島村議会議員選挙,大分県,姫島村,20110424.0,2011.0,4.0,24.0,20110419.0,92.3,8.0,9.0,1.125,2064.0,,,-112.0,任期満了,93.24,,,,姫島村議会議員選挙（2011年04月24日投票）,1.0,9.0,8.0,1.125,0.0,0.0,0.0,0.0,0.0,0.8888888888888888,0.1111111111111111,0.0,1.0,0.0,0.0,0.9104320337197049,0.08956796628029505,,0.11380400421496312,0.08956796628029505,,1898.0,1.0,,,,,,,,64.25,7.327175444876422,49.0,62.0,64.5,69.25,73.0,,,,,,,,,,1898.0,,,,,,,1898.0,,,,,,,,,,1.0,,,,,,,1.0,,,,,,,,,,0.1111111111111111,,,,,,,,,,,,,,,,9.0,,,,,,,,,,,,,,,,8.0,,,,,,
姫島村議会議員選挙（2015年04月26日投票）,姫島村議会議員選挙,大分県,姫島村,20150426.0,2015.0,4.0,26.0,20150421.0,無投票,8.0,8.0,1.0,,,,,任期満了,92.3,,,,姫島村議会議員選挙（2015年04月26日投票）,1.0,8.0,8.0,1.0,1.0,1.0,0.0,0.0,0.0,0.625,0.375,0.0,0.625,0.375,0.0,,,,,,,0.0,1.0,60.875,8.373134120507087,42.0,59.75,64.5,66.25,68.0,60.875,8.373134120507087,42.0,59.75,64.5,66.25,68.0,,,,,,,,,,,,,,,,,0.0,,,,,,,,,,,,,,,,,,,,,,,,,,,,,,,,,,,,,,,,,,,8.0,,,,,,,,,,,,,,,,8.0,,,,,,
姫島村議会議員選挙（2019年04月21日投票）,姫島村議会議員選挙,大分県,姫島村,20190421.0,2019.0,4.0,21.0,20190416.0,無投票,8.0,8.0,1.0,,,,,任期満了,,,,,姫島村議会議員選挙（2019年04月21日投票）,1.0,8.0,8.0,1.0,1.0,1.0,0.0,0.0,0.0,0.875,0.125,0.0,0.875,0.125,0.0,,,,,,,0.0,1.0,64.375,8.107673834090763,46.0,63.75,67.5,69.25,72.0,64.375,8.107673834090763,46.0,63.75,67.5,69.25,72.0,,,,,,,,,,,,,,,,,0.0,,,,,,,,,,,,,,,,,,,,,,,,,,,,,,,,,,,,,,,,,,,8.0,,,,,,,,,,,,,,,,8.0,,,,,,
宇佐市議会議員補欠選挙（2008年08月10日投票）,宇佐市議会議員補欠選挙,大分県,宇佐市,20080810.0,2008.0,8.0,10.0,20080803.0,66.29,1.0,3.0,3.0,6767.0,,,,その他,,,,,宇佐市議会議員補欠選挙（2008年08月10日投票）,1.0,3.0,1.0,3.0,0.0,0.0,0.0,0.3333333333333333,0.0,0.0,0.0,1.0,0.0,0.0,1.0,,,1.0,,,0.3333333333333333,4452.0,2.0,53.0,4.546060565661952,48.0,50.0,52.0,55.5,59.0,59.0,0.0,59.0,59.0,59.0,59.0,59.0,,,,,,1665.0,,,,2787.0,,,,,,,4452.0,,,,,,0.37398921832884097,,,,0.626010781671159,,,,,,,1.0,,,,,,0.37398921832884097,,,,0.3130053908355795,,,,,,,,,,,,1.0,,,,2.0,,,,,,,,,,,,0.0,,,,1.0,,,,,,
宇佐市議会議員選挙（2004年04月11日投票）,宇佐市議会議員選挙,大分県,宇佐市,20040411.0,2004.0,4.0,11.0,20040404.0,80.9,26.0,29.0,1.1153846153846154,39730.0,,,,任期満了,,,,,宇佐市議会議員選挙（2004年04月11日投票）,1.0,29.0,26.0,1.1153846153846154,0.0,0.0,0.0,0.13793103448275862,0.11538461538461539,0.6896551724137931,0.2413793103448276,0.06896551724137931,0.7692307692307693,0.15384615384615385,0.07692307692307693,0.7594964664310954,0.18270444220090865,0.057799091367995964,0.03797482332155477,0.026100634600129808,0.028899545683997982,31696.0,3.0,54.724137931034484,7.542507365610284,32.0,51.0,54.0,59.0,69.0,55.42307692307692,6.14675071714302,40.0,53.25,54.0,58.75,69.0,,1844.0,,,,1985.0,,,,27867.0,,,,,,,31696.0,,0.05817768803634528,,,,0.06262619888944977,,,,0.879196113074205,,,,,,,1.0,,0.05817768803634528,,,,0.031313099444724886,,,,0.033815235118238654,,,,,,,,1.0,,,,2.0,,,,26.0,,,,,,,,1.0,,,,2.0,,,,23.0,,,,,,
宇佐市議会議員選挙（2007年04月22日投票）,宇佐市議会議員選挙,大分県,宇佐市,20070422.0,2007.0,4.0,22.0,20070415.0,,0.0,40.0,,50527.0,,,10797.0,任期満了,80.9,,,,宇佐市議会議員選挙（2007年04月22日投票）,3.0,40.0,30.0,1.3333333333333333,0.0,0.0,0.0,0.075,0.06666666666666667,0.925,0.075,0.0,0.9333333333333333,0.06666666666666667,0.0,0.9226230010729065,0.07737699892709345,,0.02493575678575423,0.025792332975697815,,39146.0,3.0,57.75,7.72900381679295,35.0,53.75,57.0,62.0,73.0,58.53333333333333,8.216784989006076,35.0,54.5,57.5,63.5,73.0,,1927.0,,,,3084.0,,,,34135.0,,,,,,,39146.0,,0.049225974556787414,,,,0.0787819956061922,,,,0.8719920298370204,,,,,,,1.0,,0.049225974556787414,,,,0.026260665202064066,,,,0.02422200082880612,,,,,,,,1.0,,,,3.0,,,,36.0,,,,,,,,1.0,,,,2.0,,,,27.0,,,,,,
宇佐市議会議員選挙（2011年04月24日投票）,宇佐市議会議員選挙,大分県,宇佐市,20110424.0,2011.0,4.0,24.0,20110417.0,70.52,26.0,27.0,1.0384615384615383,49558.0,,,-969.0,任期満了,,,,,宇佐市議会議員選挙（2011年04月24日投票）,1.0,27.0,26.0,1.0384615384615385,0.0,0.0,0.0,0.037037037037037035,0.038461538461538464,0.7037037037037037,0.2222222222222222,0.07407407407407407,0.7307692307692307,0.23076923076923078,0.038461538461538464,0.7047798377752028,0.24933371958285053,0.0458864426419467,0.037093675672379096,0.04155561993047509,0.02294322132097335,34520.0,3.0,,,,,,,,,,,,,,,,2193.0,,,,2796.0,,,,29531.0,,,,,,,34520.0,,0.06352838933951332,,,,0.08099652375434531,,,,0.8554750869061414,,,,,,,1.0,,0.06352838933951332,,,,0.040498261877172655,,,,0.03564479528775589,,,,,,,,1.0,,,,2.0,,,,24.0,,,,,,,,1.0,,,,2.0,,,,23.0,,,,,,
宇佐市議会議員選挙（2015年04月26日投票）,宇佐市議会議員選挙,大分県,宇佐市,20150426.0,2015.0,4.0,26.0,20150419.0,70.86,24.0,28.0,1.1666666666666667,,,,,任期満了,70.52,,,,宇佐市議会議員選挙（2015年04月26日投票）,1.0,28.0,24.0,1.1666666666666667,0.0,0.0,0.0,0.07142857142857142,0.08333333333333333,0.75,0.17857142857142858,0.07142857142857142,0.75,0.16666666666666666,0.08333333333333333,0.7136802242366411,0.2084327290076336,0.07788704675572519,0.0339847725826972,0.04168654580152672,0.038943523377862596,33536.0,3.0,56.392857142857146,11.477740213481193,31.0,47.25,61.0,65.0,78.0,57.375,11.301963325015702,31.0,50.25,62.0,65.0,78.0,,1568.42,,,,2367.0,,,,29600.58,,,,,,,33536.0,,0.04676824904580153,,,,0.07058086832061068,,,,0.8826508826335878,,,,,,,1.0,,0.04676824904580153,,,,0.03529043416030534,,,,0.035306035305343514,,,,,,,,1.0,,,,2.0,,,,25.0,,,,,,,,1.0,,,,2.0,,,,21.0,,,,,,
宇佐市議会議員選挙（2019年04月21日投票）,宇佐市議会議員選挙,大分県,宇佐市,20190421.0,2019.0,4.0,21.0,20190414.0,63.57,23.0,24.0,1.0434782608695652,46932.0,,,,任期満了,70.86,,,,宇佐市議会議員選挙（2019年04月21日投票）,1.0,24.0,23.0,1.0434782608695652,0.0,0.0,0.0,0.125,0.08695652173913043,0.7083333333333334,0.20833333333333334,0.08333333333333333,0.7391304347826086,0.17391304347826086,0.08695652173913043,0.7035390498643102,0.21153703522684747,0.0849239149088424,0.04138464999201824,0.04230740704536949,0.0424619574544212,29513.995,3.0,56.875,10.195229685168124,35.0,47.75,59.0,66.25,70.0,56.91304347826087,10.412839246431432,35.0,47.5,59.0,66.5,70.0,,1602.435,,,,2529.0,,,,25382.559999999998,,,,,,,29513.995,,0.054294073032132725,,,,0.08568816251408866,,,,0.8600177644537785,,,,,,,1.0,,0.054294073032132725,,,,0.04284408125704433,,,,0.04095322687875136,,,,,,,,1.0,,,,2.0,,,,21.0,,,,,,,,1.0,,,,2.0,,,,20.0,,,,,,
日出町議会議員補欠選挙（2008年08月31日投票）,日出町議会議員補欠選挙,大分県,日出町,20080831.0,2008.0,8.0,31.0,20080826.0,36.79,2.0,4.0,2.0,22764.0,,,,その他,,,,,日出町議会議員補欠選挙（2008年08月31日投票）,1.0,4.0,2.0,2.0,0.0,0.0,0.0,0.0,0.0,0.0,1.0,0.0,0.0,1.0,0.0,,1.0,,,0.25,,8101.0,3.0,67.0,4.847679857416329,62.0,62.75,66.0,70.25,74.0,66.0,3.0,63.0,64.5,66.0,67.5,69.0,,,,,,1903.0,,,,5863.0,,,335.0,,,,8101.0,,,,,,0.23490927046043697,,,,0.7237378101468954,,,0.041352919392667574,,,,1.0,,,,,,0.23490927046043697,,,,0.3618689050734477,,,0.041352919392667574,,,,,,,,,1.0,,,,2.0,,,1.0,,,,,,,,,0.0,,,,2.0,,,0.0,,,
日出町議会議員補欠選挙（2012年08月26日投票）,日出町議会議員補欠選挙,大分県,日出町,20120826.0,2012.0,8.0,26.0,20120821.0,31.07,1.0,3.0,3.0,23206.0,,,442.0,その他,36.79,,,,日出町議会議員補欠選挙（2012年08月26日投票）,1.0,3.0,1.0,3.0,0.0,0.0,0.0,0.3333333333333333,0.0,0.0,1.0,0.0,0.0,1.0,0.0,,1.0,,,0.3333333333333333,,6899.0,2.0,49.0,5.354126134736337,42.0,46.0,50.0,52.5,55.0,55.0,0.0,55.0,55.0,55.0,55.0,55.0,,,,,,1900.0,,,,4999.0,,,,,,,6899.0,,,,,,0.2754022322075663,,,,0.7245977677924337,,,,,,,1.0,,,,,,0.2754022322075663,,,,0.36229888389621684,,,,,,,,,,,,1.0,,,,2.0,,,,,,,,,,,,0.0,,,,1.0,,,,,,
日出町議会議員補欠選挙（2016年08月28日投票）,日出町議会議員補欠選挙,大分県,日出町,20160828.0,2016.0,8.0,28.0,20160823.0,58.48,1.0,3.0,3.0,23418.0,,,212.0,任期満了,31.07,,,,日出町議会議員補欠選挙（2016年08月28日投票）,1.0,3.0,1.0,3.0,0.0,0.0,0.0,0.0,0.0,0.0,0.3333333333333333,0.6666666666666666,0.0,1.0,0.0,,0.3843769866497139,0.6156230133502861,,0.3843769866497139,0.30781150667514307,12584.0,0.0,64.0,1.632993161855452,62.0,63.0,64.0,65.0,66.0,66.0,0.0,66.0,66.0,66.0,66.0,66.0,,,,,,,,,,,,,,,,,,,,,,,,,,,,,,,,,,,,,,,,,,,,,,,,,,,,,,,,,,,,,,,,,,,,,,,,,,,,,,,,,,
日出町議会議員選挙（2006年03月26日投票）,日出町議会議員選挙,大分県,日出町,20060326.0,2006.0,3.0,26.0,20060321.0,70.62,16.0,17.0,1.0625,22201.0,,,,任期満了,,,,,日出町議会議員選挙（2006年03月26日投票）,1.0,17.0,16.0,1.0625,0.0,0.0,0.0,0.0,0.0,1.0,0.0,0.0,1.0,0.0,0.0,1.0,,,0.058823529411764705,,,15544.99,3.0,59.88235294117647,8.844289303680496,41.0,53.0,61.0,67.0,75.0,60.0625,9.086175969570476,41.0,52.75,62.0,67.25,75.0,,1460.26,,,,1036.02,,,,13048.710000000001,,,,,,,15544.990000000002,,0.09393766094413697,,,,0.06664655300518044,,,,0.8394157860506826,,,,,,,1.0,,0.09393766094413697,,,,0.06664655300518044,,,,0.055961052403378835,,,,,,,,1.0,,,,1.0,,,,15.0,,,,,,,,1.0,,,,1.0,,,,14.0,,,,,,
日出町議会議員選挙（2010年03月28日投票）,日出町議会議員選挙,大分県,日出町,20100328.0,2010.0,3.0,28.0,20100323.0,65.33,16.0,19.0,1.1875,22705.0,,,504.0,任期満了,70.62,,,,日出町議会議員選挙（2010年03月28日投票）,1.0,19.0,16.0,1.1875,0.0,0.0,0.0,0.05263157894736842,0.0625,0.6842105263157895,0.21052631578947367,0.10526315789473684,0.75,0.1875,0.0625,0.7289865922548152,0.1770911318314844,0.0939222759137004,0.05607589171190886,0.0442727829578711,0.0469611379568502,14693.0,4.0,62.578947368421055,9.604361889944558,45.0,56.5,65.0,71.0,80.0,61.125,8.72406871820712,45.0,56.25,62.0,68.75,72.0,,1430.0,,,,1037.69,,,,12201.31,,,24.0,,,,14693.0,,0.09732525692506636,,,,0.0706247873136868,,,,0.8304165248757912,,,0.001633430885455659,,,,1.0,,0.09732525692506636,,,,0.0706247873136868,,,,0.05190103280473695,,,0.001633430885455659,,,,,1.0,,,,1.0,,,,16.0,,,1.0,,,,,1.0,,,,1.0,,,,14.0,,,0.0,,,
日出町議会議員選挙（2014年03月30日投票）,日出町議会議員選挙,大分県,日出町,20140330.0,2014.0,3.0,30.0,20140325.0,62.16,16.0,20.0,1.25,,,,,任期満了,65.33,,,,日出町議会議員選挙（2014年03月30日投票）,1.0,20.0,16.0,1.25,0.0,0.0,0.0,0.05,0.0625,0.6,0.4,0.0,0.625,0.375,0.0,0.6371747801762274,0.36282521982377264,,0.05309789834801895,0.04535315247797158,,14116.99,4.0,59.2,10.957189420649804,36.0,52.75,59.5,64.5,79.0,57.75,9.640409742329421,36.0,52.75,58.5,62.25,76.0,,1226.0,,,,777.53,,,,12087.46,,,,26.0,,,14116.99,,0.08684570861068826,,,,0.055077605070202644,,,,0.8562349339342168,,,,0.0018417523848922469,,,1.0,,0.08684570861068826,,,,0.055077605070202644,,,,0.05036676081965981,,,,0.0018417523848922469,,,,1.0,,,,1.0,,,,17.0,,,,1.0,,,,1.0,,,,1.0,,,,14.0,,,,0.0,,
日出町議会議員選挙（2018年03月25日投票）,日出町議会議員選挙,大分県,日出町,20180325.0,2018.0,3.0,25.0,20180320.0,61.88,16.0,20.0,1.25,23462.0,,,,任期満了,62.16,,,,日出町議会議員選挙（2018年03月25日投票）,1.0,20.0,16.0,1.25,0.0,0.0,0.0,0.15,0.1875,0.6,0.4,0.0,0.6875,0.3125,0.0,0.6599407072470697,0.3400592927529304,,0.05499505893725581,0.0425074115941163,,14392.99,0.0,57.2,9.967948635501688,35.0,49.75,59.5,64.25,74.0,57.4375,8.86685365560975,35.0,52.25,59.5,64.25,68.0,,,,,,,,,,,,,,,,,,,,,,,,,,,,,,,,,,,,,,,,,,,,,,,,,,,,,,,,,,,,,,,,,,,,,,,,,,,,,,,,,,
日田市議会議員増員選挙（2005年04月24日投票）,日田市議会議員増員選挙,大分県,日田市,20050424.0,2005.0,4.0,24.0,20050417.0,83.53,0.0,14.0,,11697.0,,,,その他,,,,,日田市議会議員増員選挙（2005年04月24日投票）,5.0,14.0,8.0,1.75,0.0,0.0,0.0,0.0,0.0,0.0,1.0,0.0,0.0,1.0,0.0,,1.0,,,0.07142857142857142,,9678.0,2.0,56.07142857142857,5.457161555689731,47.0,51.5,55.0,60.0,66.0,54.75,5.562148865321747,47.0,51.0,53.5,57.0,66.0,,,,,,1347.0,,,,8331.0,,,,,,,9678.0,,,,,,0.13918164910105393,,,,0.8608183508989461,,,,,,,1.0,,,,,,0.13918164910105393,,,,0.06621679622299585,,,,,,,,,,,,1.0,,,,13.0,,,,,,,,,,,,1.0,,,,7.0,,,,,,
日田市議会議員選挙（1999年04月25日投票）,日田市議会議員選挙,大分県,日田市,19990425.0,1999.0,4.0,25.0,19990418.0,79.4,26.0,27.0,1.0384615384615383,48602.0,,,,任期満了,,,,,日田市議会議員選挙（1999年04月25日投票）,1.0,27.0,26.0,1.0384615384615385,0.0,0.0,0.0,0.07407407407407407,0.07692307692307693,0.7777777777777778,0.2222222222222222,0.0,0.8076923076923077,0.19230769230769232,0.0,0.789252397845224,0.21074760215477598,,0.03758344751643924,0.03512460035912933,,38055.0,4.0,58.77777777777778,6.865551869233515,46.0,52.0,60.0,64.0,72.0,58.61538461538461,6.94526359402813,46.0,52.0,59.0,64.5,72.0,,3703.0,,,,3574.0,,,,24063.0,6715.0,,,,,,38055.0,,0.0973065300223361,,,,0.09391669951386152,,,,0.6323216397319669,0.1764551307318355,,,,,,1.0,,0.04865326501116805,,,,0.04695834975693076,,,,0.03512897998510927,0.0352910261463671,,,,,,,2.0,,,,2.0,,,,18.0,5.0,,,,,,,2.0,,,,2.0,,,,17.0,5.0,,,,,
日田市議会議員選挙（2003年04月27日投票）,日田市議会議員選挙,大分県,日田市,20030427.0,2003.0,4.0,27.0,20030420.0,81.05,26.0,35.0,1.3461538461538465,48812.0,,,210.0,任期満了,79.4,,,,日田市議会議員選挙（2003年04月27日投票）,1.0,35.0,26.0,1.3461538461538463,0.0,0.0,0.0,0.14285714285714285,0.11538461538461539,0.4857142857142857,0.5142857142857142,0.0,0.46153846153846156,0.5384615384615384,0.0,0.4510114425827544,0.5489885574172456,,0.026530084857809083,0.03049936430095809,,39152.0,4.0,57.31428571428572,7.995611040962871,29.0,54.5,57.0,61.0,70.0,56.69230769230769,8.235800044128311,29.0,54.25,57.0,60.0,69.0,,3074.0,,,,2967.0,,,,29064.0,4047.0,,,,,,39152.0,,0.07851450756027789,,,,0.07578156926849203,,,,0.7423375561912546,0.10336636697997548,,,,,,1.0,,0.039257253780138945,,,,0.025260523089497344,,,,0.028551444468894408,0.02584159174499387,,,,,,,2.0,,,,3.0,,,,26.0,4.0,,,,,,,2.0,,,,2.0,,,,19.0,3.0,,,,,
日田市議会議員選挙（2007年04月22日投票）,日田市議会議員選挙,大分県,日田市,20070422.0,2007.0,4.0,22.0,20070415.0,78.51,28.0,35.0,1.25,59677.0,,,10865.0,任期満了,81.05,,,,日田市議会議員選挙（2007年04月22日投票）,1.0,35.0,28.0,1.25,0.0,0.0,0.0,0.11428571428571428,0.10714285714285714,0.7714285714285715,0.14285714285714285,0.08571428571428572,0.8571428571428571,0.14285714285714285,0.0,0.8128057584965841,0.1513760479300015,0.03581819357341436,0.030103916981354967,0.0302752095860003,0.011939397857804788,46401.0,5.0,58.2,7.550969663370583,33.0,54.5,59.0,63.5,71.0,57.035714285714285,7.622720468896834,33.0,53.0,57.5,62.25,70.0,,3073.0,,,,4076.49,,1345.0,,36380.26,1526.25,,,,,,46401.0,,0.06622702096937566,,,,0.08785349453675567,,0.02898644425766686,,0.7840404301631431,0.03289261007305877,,,,,,1.0,,0.03311351048468783,,,,0.029284498178918556,,0.02898644425766686,,0.028001443934397966,0.03289261007305877,,,,,,,2.0,,,,3.0,,1.0,,28.0,1.0,,,,,,,2.0,,,,3.0,,1.0,,21.0,1.0,,,,,
日田市議会議員選挙（2011年04月24日投票）,日田市議会議員選挙,大分県,日田市,20110424.0,2011.0,4.0,24.0,20110417.0,69.31,24.0,25.0,1.0416666666666667,57977.0,,,-1700.0,任期満了,78.51,,,,日田市議会議員選挙（2011年04月24日投票）,1.0,25.0,24.0,1.0416666666666667,0.0,0.0,0.0,0.08,0.08333333333333333,0.68,0.32,0.0,0.7083333333333334,0.2916666666666667,0.0,0.7194676211842403,0.2805323788157596,,0.04232162477554355,0.03506654735196995,,39671.0,5.0,,,,,,,,58.75,7.784867800204873,29.0,55.75,59.5,63.0,70.0,,3175.0,,,,4206.0,,1725.0,,28753.0,1812.0,,,,,,39671.0,,0.08003327367598498,,,,0.1060220312066749,,0.0434826447530942,,0.7247863678757783,0.045675682488467644,,,,,,1.0,,0.04001663683799249,,,,0.035340677068891636,,0.0434826447530942,,0.04026590932643213,0.045675682488467644,,,,,,,2.0,,,,3.0,,1.0,,18.0,1.0,,,,,,,2.0,,,,3.0,,1.0,,17.0,1.0,,,,,
日田市議会議員選挙（2015年04月26日投票）,日田市議会議員選挙,大分県,日田市,20150426.0,2015.0,4.0,26.0,20150419.0,68.65,22.0,28.0,1.2727272727272727,,,,,任期満了,69.31,,,,日田市議会議員選挙（2015年04月26日投票）,1.0,28.0,22.0,1.2727272727272727,0.0,0.0,0.0,0.10714285714285714,0.045454545454545456,0.6071428571428571,0.39285714285714285,0.0,0.6363636363636364,0.36363636363636365,0.0,0.5952706972824942,0.4047293027175058,,0.03501592336955848,0.036793572974318706,,37976.0,5.0,,,,,,,,,,,,,,,,2887.8199999999997,,,,3392.0,,1501.0,,28695.18,1500.0,,,,,,37976.0,,0.07604329049926269,,,,0.08931957025489783,,0.03952496313461133,,0.7556135453970929,0.039498630714135244,,,,,,1.0,,0.03802164524963134,,,,0.029773190084965942,,0.03952496313461133,,0.035981597399861565,0.039498630714135244,,,,,,,2.0,,,,3.0,,1.0,,21.0,1.0,,,,,,,2.0,,,,2.0,,1.0,,16.0,1.0,,,,,
日田市議会議員選挙（2019年04月21日投票）,日田市議会議員選挙,大分県,日田市,20190421.0,2019.0,4.0,21.0,20190414.0,64.0,22.0,26.0,1.181818181818182,54224.0,,,,任期満了,68.65,,,,日田市議会議員選挙（2019年04月21日投票）,1.0,26.0,22.0,1.1818181818181819,0.0,0.0,0.0,0.07692307692307693,0.045454545454545456,0.6538461538461539,0.3076923076923077,0.038461538461538464,0.6818181818181818,0.2727272727272727,0.045454545454545456,0.6475200319361006,0.31509706384450903,0.03738290421939049,0.03808941364330004,0.03938713298056363,0.03738290421939049,34052.998999999996,3.0,59.5,9.064936675072635,36.0,56.5,63.0,65.75,70.0,58.68181818181818,9.45509176743296,36.0,53.0,62.5,65.0,70.0,,2662.672,,,,3311.0,,,,28079.327,,,,,,,34052.998999999996,,0.07819199712777133,,,,0.09723079015742492,,,,0.8245772127148039,,,,,,,1.0,,0.03909599856388567,,,,0.032410263385808304,,,,0.0392655815578478,,,,,,,,2.0,,,,3.0,,,,21.0,,,,,,,,2.0,,,,2.0,,,,18.0,,,,,,
杵築市議会議員補欠選挙（2013年10月06日投票）,杵築市議会議員補欠選挙,大分県,杵築市,20131006.0,2013.0,10.0,6.0,20130929.0,39.22,2.0,3.0,1.5,,,,,その他,,,,,杵築市議会議員補欠選挙（2013年10月06日投票）,1.0,3.0,2.0,1.5,0.0,0.0,0.0,0.0,0.0,0.0,0.6666666666666666,0.3333333333333333,0.0,1.0,0.0,,0.8398544131028207,0.16014558689717925,,0.41992720655141036,0.16014558689717925,9891.0,1.0,56.666666666666664,15.456030825826172,35.0,50.0,65.0,67.5,70.0,50.0,15.0,35.0,42.5,50.0,57.5,65.0,,,,,,,,,,9891.0,,,,,,,9891.0,,,,,,,,,,1.0,,,,,,,1.0,,,,,,,,,,0.3333333333333333,,,,,,,,,,,,,,,,3.0,,,,,,,,,,,,,,,,2.0,,,,,,
杵築市議会議員選挙（2007年04月22日投票）,杵築市議会議員選挙,大分県,杵築市,20070422.0,2007.0,4.0,22.0,20070415.0,79.5,22.0,29.0,1.318181818181818,27604.0,,,,任期満了,,,,,杵築市議会議員選挙（2007年04月22日投票）,1.0,29.0,22.0,1.3181818181818181,0.0,0.0,0.0,0.06896551724137931,0.045454545454545456,0.8620689655172413,0.10344827586206896,0.034482758620689655,0.9090909090909091,0.09090909090909091,0.0,0.8842083946980855,0.09549521354933727,0.02029639175257732,0.03536833578792342,0.031831737849779086,0.02029639175257732,21728.0,3.0,60.275862068965516,10.827476388637024,26.0,55.0,64.0,68.0,73.0,61.95454545454545,9.358891118888316,34.0,56.0,64.0,69.5,73.0,,1230.0,,,,1637.07,,,,18860.93,,,,,,,21728.0,,0.05660898379970545,,,,0.07534379602356406,,,,0.8680472201767305,,,,,,,1.0,,0.05660898379970545,,,,0.03767189801178203,,,,0.03338643154525887,,,,,,,,1.0,,,,2.0,,,,26.0,,,,,,,,1.0,,,,1.0,,,,20.0,,,,,,
杵築市議会議員選挙（2011年04月24日投票）,杵築市議会議員選挙,大分県,杵築市,20110424.0,2011.0,4.0,24.0,20110417.0,73.97,20.0,21.0,1.05,26766.0,,,-838.0,任期満了,79.5,,,,杵築市議会議員選挙（2011年04月24日投票）,1.0,21.0,20.0,1.05,0.0,0.0,0.0,0.047619047619047616,0.05,0.8095238095238095,0.14285714285714285,0.047619047619047616,0.85,0.1,0.05,0.8223231830236568,0.1345107305769915,0.04316608639935183,0.04837195194256805,0.0448369101923305,0.04316608639935183,19648.99,3.0,,,,,,,,,,,,,,,,1327.0,,,,1995.17,,,,16326.82,,,,,,,19648.989999999998,,0.06753527789469077,,,,0.1015405880912963,,,,0.830924134014013,,,,,,,1.0,,0.06753527789469077,,,,0.05077029404564815,,,,0.04616245188966739,,,,,,,,1.0,,,,2.0,,,,18.0,,,,,,,,1.0,,,,2.0,,,,17.0,,,,,,
杵築市議会議員選挙（2015年04月26日投票）,杵築市議会議員選挙,大分県,杵築市,20150426.0,2015.0,4.0,26.0,20150419.0,71.3,18.0,21.0,1.1666666666666667,,,,,任期満了,73.97,,,,杵築市議会議員選挙（2015年04月26日投票）,1.0,21.0,18.0,1.1666666666666667,0.0,0.0,0.0,0.0,0.0,0.7142857142857143,0.2857142857142857,0.0,0.7222222222222222,0.2777777777777778,0.0,0.6556847274332377,0.3443152725667623,,0.043712315162215847,0.05738587876112705,,18124.0,3.0,62.0,10.752629800148782,37.0,55.0,63.0,70.0,76.0,60.5,10.879389280245059,37.0,55.0,63.0,67.75,76.0,,943.08,,,,1312.51,,,,15868.41,,,,,,,18124.0,,0.05203487088942838,,,,0.07241834032222468,,,,0.8755467887883469,,,,,,,1.0,,0.05203487088942838,,,,0.03620917016111234,,,,0.04864148826601927,,,,,,,,1.0,,,,2.0,,,,18.0,,,,,,,,1.0,,,,1.0,,,,16.0,,,,,,
杵築市議会議員選挙（2019年04月21日投票）,杵築市議会議員選挙,大分県,杵築市,20190421.0,2019.0,4.0,21.0,20190414.0,68.62,18.0,21.0,1.1666666666666667,24810.0,,,,任期満了,71.3,,,,杵築市議会議員選挙（2019年04月21日投票）,1.0,21.0,18.0,1.1666666666666667,0.0,0.0,0.0,0.0,0.0,0.7142857142857143,0.2857142857142857,0.0,0.7222222222222222,0.2777777777777778,0.0,0.6888875583896763,0.31111244161032364,,0.04592583722597842,0.05185207360172061,,16935.999,3.0,59.333333333333336,11.781071716683964,41.0,49.0,59.0,68.0,79.0,59.27777777777778,11.034317959869844,41.0,50.25,59.5,67.75,76.0,,853.503,,,,829.0,,,,15253.496,,,,,,,16935.999,,0.05039578710414426,,,,0.04894898730213671,,,,0.900655225593719,,,,,,,1.0,,0.05039578710414426,,,,0.04894898730213671,,,,0.047402906610195736,,,,,,,,1.0,,,,1.0,,,,19.0,,,,,,,,1.0,,,,1.0,,,,16.0,,,,,,
津久見市議会議員選挙（1999年04月25日投票）,津久見市議会議員選挙,大分県,津久見市,19990425.0,1999.0,4.0,25.0,19990418.0,85.72,20.0,22.0,1.1,19870.0,,,,任期満了,,,,,津久見市議会議員選挙（1999年04月25日投票）,1.0,22.0,20.0,1.1,0.0,0.0,0.0,0.0,0.0,0.6818181818181818,0.3181818181818182,0.0,0.7,0.3,0.0,0.7031792419411973,0.2968207580588027,,0.04687861612941315,0.042402965436971814,,16938.0,4.0,57.04545454545455,7.882531162048213,43.0,52.0,57.0,64.0,71.0,57.4,7.83198569968051,43.0,52.0,57.0,65.25,71.0,,784.0,,,,585.0,,,,13705.0,1864.0,,,,,,16938.0,,0.04628645648836935,,,,0.03453772582359192,,,,0.8091274058330381,0.1100484118550006,,,,,,1.0,,0.04628645648836935,,,,0.03453772582359192,,,,0.0449515225462799,0.0550242059275003,,,,,,,1.0,,,,1.0,,,,18.0,2.0,,,,,,,1.0,,,,1.0,,,,16.0,2.0,,,,,
津久見市議会議員選挙（2003年04月27日投票）,津久見市議会議員選挙,大分県,津久見市,20030427.0,2003.0,4.0,27.0,20030420.0,83.08,18.0,19.0,1.0555555555555556,19266.0,,,-604.0,任期満了,85.72,,,,津久見市議会議員選挙（2003年04月27日投票）,1.0,19.0,18.0,1.0555555555555556,0.0,0.0,0.0,0.05263157894736842,0.05555555555555555,0.6842105263157895,0.3157894736842105,0.0,0.6666666666666666,0.3333333333333333,0.0,0.6509404290117632,0.34905957098823676,,0.05007234069321255,0.05817659516470613,,15897.0,4.0,54.526315789473685,9.527624219536476,29.0,48.5,55.0,61.0,75.0,54.0,9.516068282413466,29.0,48.25,54.5,60.5,75.0,,1085.0,,,,690.0,,,,12214.0,1908.0,,,,,,15897.0,,0.06825187142228094,,,,0.043404415927533496,,,,0.7683210668679625,0.12002264578222306,,,,,,1.0,,0.06825187142228094,,,,0.043404415927533496,,,,0.05122140445786417,0.06001132289111153,,,,,,,1.0,,,,1.0,,,,15.0,2.0,,,,,,,1.0,,,,1.0,,,,14.0,2.0,,,,,
津久見市議会議員選挙（2007年04月22日投票）,津久見市議会議員選挙,大分県,津久見市,20070422.0,2007.0,4.0,22.0,20070415.0,77.89,16.0,18.0,1.125,18418.0,,,-848.0,任期満了,83.08,,,,津久見市議会議員選挙（2007年04月22日投票）,1.0,18.0,16.0,1.125,0.0,0.0,0.0,0.1111111111111111,0.125,0.6666666666666666,0.2777777777777778,0.05555555555555555,0.75,0.25,0.0,0.7218477955630441,0.2549845549003089,0.02316764953664701,0.06015398296358701,0.05099691098006178,0.02316764953664701,14244.0,4.0,55.22222222222222,9.721428539032017,33.0,52.25,56.5,62.0,69.0,53.8125,9.362283041544941,33.0,52.0,56.0,60.5,65.0,,1036.0,,,,804.0,,,,11303.0,1101.0,,,,,,14244.0,,0.07273237854535243,,,,0.05644481887110362,,,,0.7935270991294581,0.07729570345408593,,,,,,1.0,,0.07273237854535243,,,,0.05644481887110362,,,,0.05290180660863054,0.07729570345408593,,,,,,,1.0,,,,1.0,,,,15.0,1.0,,,,,,,1.0,,,,1.0,,,,13.0,1.0,,,,,
津久見市議会議員選挙（2011年04月24日投票）,津久見市議会議員選挙,大分県,津久見市,20110424.0,2011.0,4.0,24.0,20110417.0,77.0,14.0,17.0,1.2142857142857142,17532.0,,,-886.0,任期満了,77.89,,,,津久見市議会議員選挙（2011年04月24日投票）,1.0,17.0,14.0,1.2142857142857142,0.0,0.0,0.0,0.11764705882352941,0.14285714285714285,0.7058823529411765,0.29411764705882354,0.0,0.7142857142857143,0.2857142857142857,0.0,0.6945148308242659,0.3054851691757341,,0.057876235902022156,0.06109703383514682,,13418.0,3.0,,,,,,,,,,,,,,,,1092.0,,,,727.0,,,,11599.0,,,,,,,13418.0,,0.08138321657475034,,,,0.05418095096139514,,,,0.8644358324638545,,,,,,,1.0,,0.08138321657475034,,,,0.05418095096139514,,,,0.0576290554975903,,,,,,,,1.0,,,,1.0,,,,15.0,,,,,,,,1.0,,,,1.0,,,,12.0,,,,,,
津久見市議会議員選挙（2015年04月26日投票）,津久見市議会議員選挙,大分県,津久見市,20150426.0,2015.0,4.0,26.0,20150419.0,無投票,14.0,14.0,1.0,,,,,任期満了,77.0,,,,津久見市議会議員選挙（2015年04月26日投票）,1.0,14.0,14.0,1.0,1.0,1.0,0.0,0.07142857142857142,0.07142857142857142,0.8571428571428571,0.14285714285714285,0.0,0.8571428571428571,0.14285714285714285,0.0,,,,,,,0.0,3.0,56.57142857142857,9.477147594641137,39.0,51.5,60.0,61.75,70.0,56.57142857142857,9.477147594641137,39.0,51.5,60.0,61.75,70.0,,,,,,,,,,,,,,,,,0.0,,,,,,,,,,,,,,,,,,,,,,,,,,,,,,,,,,,,,,,1.0,,,,12.0,,,,,,1.0,,,,,,1.0,,,,12.0,,,,,,1.0
津久見市議会議員選挙（2019年04月21日投票）,津久見市議会議員選挙,大分県,津久見市,20190421.0,2019.0,4.0,21.0,20190414.0,無投票,14.0,14.0,1.0,,,,,任期満了,,,,,津久見市議会議員選挙（2019年04月21日投票）,1.0,14.0,14.0,1.0,1.0,1.0,0.0,0.0,0.0,,,,,,,,,,,,,0.0,3.0,57.285714285714285,9.444791243466055,40.0,48.0,60.5,64.75,69.0,57.285714285714285,9.444791243466055,40.0,48.0,60.5,64.75,69.0,,,,,,,,,,,,,,,,,0.0,,,,,,,,,,,,,,,,,,,,,,,,,,,,,,,,,,,,,,,1.0,,,,12.0,,,,,,1.0,,,,,,1.0,,,,12.0,,,,,,1.0
玖珠町議会議員選挙（2003年04月27日投票）,玖珠町議会議員選挙,大分県,玖珠町,20030427.0,2003.0,4.0,27.0,20030422.0,84.84,20.0,25.0,1.25,15200.0,,,,任期満了,,,,,玖珠町議会議員選挙（2003年04月27日投票）,1.0,25.0,20.0,1.25,0.0,0.0,0.0,0.0,0.0,0.6,0.4,0.0,0.65,0.35,0.0,0.6127493156042237,0.3872506843957763,,0.04084995437361492,0.03872506843957763,,12785.0,3.0,59.32,8.794179893543228,30.0,55.0,60.0,66.0,72.0,59.85,6.7177004994268685,49.0,54.75,59.5,66.0,72.0,,718.0,,,,96.0,,,,11971.0,,,,,,,12785.0,,0.05615956198670317,,,,0.007508799374266719,,,,0.9363316386390301,,,,,,,1.0,,0.05615956198670317,,,,0.007508799374266719,,,,0.04071007124517522,,,,,,,,1.0,,,,1.0,,,,23.0,,,,,,,,1.0,,,,0.0,,,,19.0,,,,,,
玖珠町議会議員選挙（2007年04月22日投票）,玖珠町議会議員選挙,大分県,玖珠町,20070422.0,2007.0,4.0,22.0,20070417.0,80.27,16.0,19.0,1.1875,14882.0,,,-318.0,任期満了,84.84,,,,玖珠町議会議員選挙（2007年04月22日投票）,1.0,19.0,16.0,1.1875,0.0,0.0,0.0,0.0,0.0,0.5789473684210527,0.42105263157894735,0.0,0.625,0.375,0.0,0.6513194150959344,0.34868058490406556,,0.059210855917812215,0.043585073113008195,,11831.0,2.0,22.842105263157894,5.556060303324904,12.0,19.5,23.0,25.0,39.0,21.75,4.366062299143245,12.0,19.0,22.5,25.0,28.0,,779.0,,,,,,,,11052.0,,,,,,,11831.0,,0.06584396923336996,,,,,,,,0.93415603076663,,,,,,,1.0,,0.06584396923336996,,,,,,,,0.05189755726481278,,,,,,,,1.0,,,,,,,,18.0,,,,,,,,1.0,,,,,,,,15.0,,,,,,
玖珠町議会議員選挙（2011年04月24日投票）,玖珠町議会議員選挙,大分県,玖珠町,20110424.0,2011.0,4.0,24.0,20110419.0,77.84,16.0,20.0,1.25,14274.0,,,-608.0,任期満了,80.27,,,,玖珠町議会議員選挙（2011年04月24日投票）,1.0,20.0,16.0,1.25,0.0,0.0,0.0,0.05,0.0625,0.6,0.35,0.05,0.625,0.3125,0.0625,0.5938701007086027,0.34917644579566337,0.056953453495733934,0.049489175059050226,0.04988234939938048,0.056953453495733934,11008.99,2.0,,,,,,,,,,,,,,,,592.0,,,,,,,,10416.99,,,,,,,11008.99,,0.05377423360362758,,,,,,,,0.9462257663963725,,,,,,,1.0,,0.05377423360362758,,,,,,,,0.049801356126124866,,,,,,,,1.0,,,,,,,,19.0,,,,,,,,1.0,,,,,,,,15.0,,,,,,
玖珠町議会議員選挙（2015年04月26日投票）,玖珠町議会議員選挙,大分県,玖珠町,20150426.0,2015.0,4.0,26.0,20150421.0,75.12,14.0,20.0,1.4285714285714286,,,,,任期満了,77.84,,,,玖珠町議会議員選挙（2015年04月26日投票）,1.0,20.0,14.0,1.4285714285714286,0.0,0.0,0.0,0.1,0.07142857142857142,0.6,0.4,0.0,0.6428571428571429,0.35714285714285715,0.0,0.6466389054134444,0.3533610945865556,,0.05388657545112036,0.04417013682331945,,10086.0,3.0,61.3,10.378342834961657,33.0,57.5,65.0,67.5,75.0,60.5,10.880848181224529,33.0,59.75,63.5,67.0,72.0,,624.0,,312.0,,,,,,9150.0,,,,,,,10086.0,,0.061867935752528254,,0.030933967876264127,,,,,,0.9071980963712076,,,,,,,1.0,,0.061867935752528254,,0.030933967876264127,,,,,,0.05039989424284487,,,,,,,,1.0,,1.0,,,,,,18.0,,,,,,,,1.0,,0.0,,,,,,13.0,,,,,,
玖珠町議会議員選挙（2019年04月21日投票）,玖珠町議会議員選挙,大分県,玖珠町,20190421.0,2019.0,4.0,21.0,20190416.0,70.77,14.0,18.0,1.2857142857142858,12797.0,,,,任期満了,75.12,,,,玖珠町議会議員選挙（2019年04月21日投票）,1.0,18.0,14.0,1.2857142857142858,0.0,0.0,0.0,0.05555555555555555,0.07142857142857142,0.7222222222222222,0.2777777777777778,0.0,0.7142857142857143,0.2857142857142857,0.0,0.7525934188510875,0.24740658114891242,,0.05789180145008366,0.04948131622978248,,8965.0,3.0,63.833333333333336,9.97914491994847,37.0,58.5,66.0,70.75,76.0,61.785714285714285,10.441528154637215,37.0,56.25,65.0,68.25,76.0,,534.0,,465.0,,,,,,7966.0,,,,,,,8965.0,,0.05956497490239822,,0.051868377021751254,,,,,,0.8885666480758505,,,,,,,1.0,,0.05956497490239822,,0.051868377021751254,,,,,,0.05553541550474066,,,,,,,,1.0,,1.0,,,,,,16.0,,,,,,,,1.0,,1.0,,,,,,12.0,,,,,,
由布市議会議員選挙（2005年10月30日投票）,由布市議会議員選挙,大分県,由布市,20051030.0,2005.0,10.0,30.0,20051023.0,84.27,26.0,39.0,1.5,29869.0,,,,その他,,,,,由布市議会議員選挙（2005年10月30日投票）,1.0,39.0,26.0,1.5,0.0,0.0,0.0,0.1282051282051282,0.11538461538461539,0.0,1.0,0.0,0.0,1.0,0.0,,1.0,,,0.02564102564102564,,24752.0,3.0,58.05128205128205,7.5649282469819585,37.0,54.0,57.0,62.0,75.0,56.88461538461539,7.53109923061048,37.0,54.0,57.0,62.0,69.0,,1297.0,,,,985.0,,,,22470.0,,,,,,,24752.0,,0.052399806076276666,,,,0.03979476405946994,,,,0.9078054298642534,,,,,,,1.0,,0.052399806076276666,,,,0.01989738202973497,,,,0.02521681749622926,,,,,,,,1.0,,,,2.0,,,,36.0,,,,,,,,1.0,,,,1.0,,,,24.0,,,,,,
由布市議会議員選挙（2009年10月25日投票）,由布市議会議員選挙,大分県,由布市,20091025.0,2009.0,10.0,25.0,20091018.0,72.59,22.0,26.0,1.181818181818182,29996.0,,,127.0,任期満了,84.27,,,,由布市議会議員選挙（2009年10月25日投票）,1.0,26.0,22.0,1.1818181818181819,0.0,0.0,0.0,0.11538461538461539,0.13636363636363635,0.7307692307692307,0.2692307692307692,0.0,0.7727272727272727,0.22727272727272727,0.0,0.7562909579644992,0.24370904203550078,,0.03980478726128943,0.03481557743364297,,21576.999999999996,3.0,58.42307692307692,8.105900400435177,36.0,57.25,61.0,62.0,70.0,58.5,6.84072032358103,41.0,57.25,60.0,62.0,70.0,,1420.0,,,,774.0,,,,19383.0,,,,,,,21577.0,,0.06581081707373593,,,,0.035871529869768735,,,,0.8983176530564954,,,,,,,1.0,,0.06581081707373593,,,,0.035871529869768735,,,,0.03742990221068731,,,,,,,,1.0,,,,1.0,,,,24.0,,,,,,,,1.0,,,,1.0,,,,20.0,,,,,,
由布市議会議員選挙（2013年10月27日投票）,由布市議会議員選挙,大分県,由布市,20131027.0,2013.0,10.0,27.0,20131020.0,,22.0,23.0,1.0454545454545454,,,,,任期満了,72.59,,,,由布市議会議員選挙（2013年10月27日投票）,1.0,23.0,22.0,1.0454545454545454,0.0,0.0,0.0,0.13043478260869565,0.13636363636363635,0.782608695652174,0.21739130434782608,0.0,0.8181818181818182,0.18181818181818182,0.0,0.8416654660711713,0.1583345339288287,,0.04675919255950952,0.03166690678576574,,20823.0,3.0,62.43478260869565,6.343953553729051,45.0,62.0,63.0,65.5,74.0,62.13636363636363,6.326678394239132,45.0,62.0,63.0,65.0,74.0,,1543.0,,,,883.0,,,,18397.0,,,,,,,20823.0,,0.07410075397397109,,,,0.04240503289631657,,,,0.8834942131297123,,,,,,,1.0,,0.07410075397397109,,,,0.04240503289631657,,,,0.042071153006176774,,,,,,,,1.0,,,,1.0,,,,21.0,,,,,,,,1.0,,,,1.0,,,,20.0,,,,,,
由布市議会議員選挙（2017年10月22日投票）,由布市議会議員選挙,大分県,由布市,20171022.0,2017.0,10.0,22.0,20171015.0,71.9,22.0,24.0,1.0909090909090908,29035.0,,,,任期満了,,,,,由布市議会議員選挙（2017年10月22日投票）,1.0,24.0,20.0,1.2,0.0,0.0,0.0,0.08333333333333333,0.1,0.5833333333333334,0.4166666666666667,0.0,0.65,0.35,0.0,0.6297659208261618,0.3702340791738382,,0.04498328005901155,0.03702340791738382,,20335.0,0.0,61.958333333333336,8.983685058049522,38.0,58.5,65.0,68.25,74.0,61.25,9.454496284837179,38.0,57.0,65.5,68.25,74.0,,,,,,,,,,,,,,,,,,,,,,,,,,,,,,,,,,,,,,,,,,,,,,,,,,,,,,,,,,,,,,,,,,,,,,,,,,,,,,,,,,
竹田市議会議員選挙（2005年04月24日投票）,竹田市議会議員選挙,大分県,竹田市,20050424.0,2005.0,4.0,24.0,20050417.0,,0.0,42.0,,23471.0,,,,その他,,,,,竹田市議会議員選挙（2005年04月24日投票）,4.0,42.0,28.0,1.5,0.0,0.0,0.0,0.0,0.0,0.0,1.0,0.0,0.0,1.0,0.0,,1.0,,,0.023809523809523808,,20181.0,2.0,55.904761904761905,7.30234640636479,31.0,53.0,57.0,61.0,67.0,54.17857142857143,7.856087591473121,31.0,51.0,56.0,59.25,65.0,,,,,,659.0,,,,19522.0,,,,,,,20181.0,,,,,,0.03265447698330112,,,,0.9673455230166988,,,,,,,1.0,,,,,,0.01632723849165056,,,,0.02418363807541747,,,,,,,,,,,,2.0,,,,40.0,,,,,,,,,,,,0.0,,,,28.0,,,,,,
竹田市議会議員選挙（2009年04月12日投票）,竹田市議会議員選挙,大分県,竹田市,20090412.0,2009.0,4.0,12.0,20090405.0,85.99,22.0,24.0,1.0909090909090908,22211.0,,,-1260.0,任期満了,,,,,竹田市議会議員選挙（2009年04月12日投票）,1.0,24.0,22.0,1.0909090909090908,0.0,0.0,0.0,0.0,0.0,0.75,0.25,0.0,0.8181818181818182,0.18181818181818182,0.0,0.791539116098495,0.20846088390150508,,0.04397439533880528,0.034743480650250846,,18803.0,2.0,57.958333333333336,8.012901922663364,35.0,54.0,59.5,63.25,71.0,57.68181818181818,7.748233603018313,35.0,54.25,59.5,62.75,67.0,,,,,,734.0,,,,18069.0,,,,,,,18803.0,,,,,,0.03903632399085252,,,,0.9609636760091474,,,,,,,1.0,,,,,,0.03903632399085252,,,,0.041781029391702064,,,,,,,,,,,,1.0,,,,23.0,,,,,,,,,,,,1.0,,,,21.0,,,,,,
竹田市議会議員選挙（2013年04月14日投票）,竹田市議会議員選挙,大分県,竹田市,20130414.0,2013.0,4.0,14.0,20130407.0,81.77,18.0,22.0,1.2222222222222223,,,,,任期満了,85.99,,,,竹田市議会議員選挙（2013年04月14日投票）,1.0,22.0,18.0,1.2222222222222223,0.0,0.0,0.0,0.045454545454545456,0.05555555555555555,0.7272727272727273,0.2727272727272727,0.0,0.8333333333333334,0.16666666666666666,0.0,0.7779031109000237,0.22209688909997624,,0.04861894443125148,0.03701614818332937,,16844.0,2.0,59.22727272727273,8.511659480232867,38.0,56.5,61.5,64.75,70.0,59.5,7.747759532779639,38.0,56.5,61.0,64.75,70.0,,,,,,617.0,,,,16227.0,,,,,,,16844.0,,,,,,0.036630254096414155,,,,0.9633697459035858,,,,,,,1.0,,,,,,0.036630254096414155,,,,0.045874749804932655,,,,,,,,,,,,1.0,,,,21.0,,,,,,,,,,,,0.0,,,,18.0,,,,,,
竹田市議会議員選挙（2017年04月16日投票）,竹田市議会議員選挙,大分県,竹田市,20170416.0,2017.0,4.0,16.0,20170409.0,77.35,16.0,18.0,1.125,19734.0,,,,任期満了,81.77,,,,竹田市議会議員選挙（2017年04月16日投票）,1.0,18.0,16.0,1.125,0.0,0.0,0.0,0.05555555555555555,0.0625,0.7222222222222222,0.2222222222222222,0.05555555555555555,0.75,0.1875,0.0625,0.7248387524883875,0.20515461181154615,0.07000663570006636,0.05575682711449134,0.05128865295288654,0.07000663570006636,15070.0,0.0,61.05555555555556,8.540571293812338,42.0,57.25,62.5,67.5,74.0,60.125,8.615937267645348,42.0,56.75,62.0,64.5,74.0,,,,,,,,,,,,,,,,,,,,,,,,,,,,,,,,,,,,,,,,,,,,,,,,,,,,,,,,,,,,,,,,,,,,,,,,,,,,,,,,,,
竹田市議会議員選挙（2021年04月18日投票）,竹田市議会議員選挙,大分県,竹田市,20210418.0,2021.0,4.0,18.0,20210411.0,72.33,16.0,18.0,1.125,18287.0,8506.0,9781.0,-1447.0,任期満了,77.35,,,,竹田市議会議員選挙（2021年04月18日投票）,1.0,18.0,16.0,1.125,0.0,0.0,0.0,0.16666666666666666,0.1875,0.5,0.5,0.0,0.5625,0.4375,0.0,0.49561804240606105,0.5043819575939389,,0.05506867137845123,0.05604243973265988,,13007.999,2.0,63.94444444444444,7.655587808350056,46.0,61.0,65.5,67.75,76.0,63.3125,7.823991548436131,46.0,60.75,64.5,67.25,76.0,,,,,,594.0,,,,12413.999,,,,,,,13007.999,,,,,,0.04566421015253768,,,,0.9543357898474624,,,,,,,1.0,,,,,,0.04566421015253768,,,,0.0561373994027919,,,,,,,,,,,,1.0,,,,17.0,,,,,,,,,,,,1.0,,,,15.0,,,,,,
臼杵市議会議員補欠選挙（2009年01月18日投票）,臼杵市議会議員補欠選挙,大分県,臼杵市,20090118.0,2009.0,1.0,18.0,20090111.0,無投票,1.0,1.0,1.0,29064.0,,,,その他,,,,,臼杵市議会議員補欠選挙（2009年01月18日投票）,1.0,1.0,1.0,1.0,1.0,1.0,0.0,0.0,0.0,0.0,1.0,0.0,0.0,1.0,0.0,,,,,,,0.0,1.0,59.0,0.0,59.0,59.0,59.0,59.0,59.0,59.0,0.0,59.0,59.0,59.0,59.0,59.0,,,,,,,,,,,,,,,,,0.0,,,,,,,,,,,,,,,,,,,,,,,,,,,,,,,,,,,,,,,,,,,1.0,,,,,,,,,,,,,,,,1.0,,,,,,
臼杵市議会議員補欠選挙（2013年01月13日投票）,臼杵市議会議員補欠選挙,大分県,臼杵市,20130113.0,2013.0,1.0,13.0,20130106.0,22.14,1.0,2.0,2.0,,,,,その他,,,,,臼杵市議会議員補欠選挙（2013年01月13日投票）,1.0,2.0,1.0,2.0,0.0,0.0,0.0,0.5,1.0,0.0,1.0,0.0,0.0,1.0,0.0,,1.0,,,0.5,,7575.0,1.0,62.5,11.5,51.0,56.75,62.5,68.25,74.0,51.0,0.0,51.0,51.0,51.0,51.0,51.0,,,,,,,,,,7575.0,,,,,,,7575.0,,,,,,,,,,1.0,,,,,,,1.0,,,,,,,,,,0.5,,,,,,,,,,,,,,,,2.0,,,,,,,,,,,,,,,,1.0,,,,,,
臼杵市議会議員補欠選挙（2017年01月15日投票）,臼杵市議会議員補欠選挙,大分県,臼杵市,20170115.0,2017.0,1.0,15.0,20170108.0,無投票,1.0,1.0,1.0,,,,,退職/若林純一議員の市議辞職による,22.14,,,,臼杵市議会議員補欠選挙（2017年01月15日投票）,1.0,1.0,1.0,1.0,1.0,1.0,0.0,0.0,0.0,0.0,1.0,0.0,0.0,1.0,0.0,,,,,,,0.0,1.0,67.0,0.0,67.0,67.0,67.0,67.0,67.0,67.0,0.0,67.0,67.0,67.0,67.0,67.0,,,,,,,,,,,,,,,,,0.0,,,,,,,,,,,,,,,,,,,,,,,,,,,,,,,,,,,,,,,,,,,1.0,,,,,,,,,,,,,,,,1.0,,,,,,
臼杵市議会議員選挙（2006年04月23日投票）,臼杵市議会議員選挙,大分県,臼杵市,20060423.0,2006.0,4.0,23.0,20060416.0,,26.0,32.0,1.2307692307692308,37196.0,,,,任期満了,,,,,臼杵市議会議員選挙（2006年04月23日投票）,2.0,32.0,26.0,1.2307692307692308,0.0,0.0,0.0,0.03125,0.038461538461538464,0.875,0.125,0.0,0.8846153846153846,0.11538461538461539,0.0,0.898736350525376,0.10126364947462399,,0.032097726804477714,0.025315912368655998,,29122.0,5.0,60.09375,6.788590497113521,44.0,56.75,60.0,64.25,80.0,59.92307692307692,7.410611294846978,44.0,55.25,60.0,64.75,80.0,,1809.0,,,,1689.0,,,,19919.07,1171.0,,,,,4533.93,29122.0,,0.06211798640203283,,,,0.057997390289128495,,,,0.6839870201222443,0.04021015040175812,,,,,0.15568745278483623,1.0,,0.06211798640203283,,,,0.028998695144564247,,,,0.029738566092271494,0.04021015040175812,,,,,0.031137490556967247,,1.0,,,,2.0,,,,23.0,1.0,,,,,5.0,,1.0,,,,1.0,,,,19.0,1.0,,,,,4.0
臼杵市議会議員選挙（2010年04月25日投票）,臼杵市議会議員選挙,大分県,臼杵市,20100425.0,2010.0,4.0,25.0,20100418.0,無投票,23.0,13.0,0.5652173913043478,,,,,任期満了,,,,,臼杵市議会議員選挙（2010年04月25日投票）,1.0,13.0,13.0,1.0,1.0,1.0,0.0,0.07692307692307693,0.07692307692307693,0.7692307692307693,0.23076923076923078,0.0,0.7692307692307693,0.23076923076923078,0.0,,,,,,,0.0,4.0,,,,,,,,,,,,,,,,,,,,,,,,,,,,,,,0.0,,,,,,,,,,,,,,,,,,,,,,,,,,,,,,,,,,,1.0,,,,1.0,,,,7.0,,,,,,4.0,,1.0,,,,1.0,,,,7.0,,,,,,4.0
臼杵市議会議員選挙（2014年04月20日投票）,臼杵市議会議員選挙,大分県,臼杵市,20140420.0,2014.0,4.0,20.0,20140413.0,68.16,18.0,23.0,1.2777777777777777,,,,,任期満了,,,,,臼杵市議会議員選挙（2014年04月20日投票）,1.0,23.0,18.0,1.2777777777777777,0.0,0.0,0.0,0.043478260869565216,0.05555555555555555,0.8260869565217391,0.17391304347826086,0.0,0.9444444444444444,0.05555555555555555,0.0,0.8704549470230678,0.12954505297693214,,0.04581341826437199,0.032386263244233035,,23577.998,6.0,62.30434782608695,8.163730938458148,44.0,56.0,62.0,68.0,77.0,62.0,8.353309390761112,44.0,54.5,63.0,68.0,77.0,,1450.0,,,,851.0,,338.413,,16888.585,1036.0,,,,,3014.0,23577.998,,0.06149801183289608,,,,0.036092971082616936,,0.014352914950624731,,0.7162857932212904,0.0439392691440554,,,,,0.1278310397685164,1.0,,0.06149801183289608,,,,0.036092971082616936,,0.014352914950624731,,0.04476786207633065,0.0439392691440554,,,,,0.042610346589505466,,1.0,,,,1.0,,1.0,,16.0,1.0,,,,,3.0,,1.0,,,,1.0,,0.0,,13.0,1.0,,,,,2.0
臼杵市議会議員選挙（2018年04月22日投票）,臼杵市議会議員選挙,大分県,臼杵市,20180422.0,2018.0,4.0,22.0,20180415.0,67.55,18.0,22.0,1.2222222222222223,,,,,任期満了,68.16,,,,臼杵市議会議員選挙（2018年04月22日投票）,1.0,22.0,18.0,1.2222222222222223,0.0,0.0,0.0,0.09090909090909091,0.1111111111111111,0.5909090909090909,0.36363636363636365,0.045454545454545456,0.5555555555555556,0.3888888888888889,0.05555555555555555,0.564630259759458,0.37572029831159887,0.059649441928943114,0.04343309690457369,0.04696503728894986,0.059649441928943114,22363.998,4.0,63.04545454545455,8.839360696377378,47.0,56.25,65.0,69.75,80.0,61.22222222222222,8.456132262417977,47.0,56.0,59.0,69.0,75.0,,1249.0,,,,811.0,,,,18594.295,,,,,,1709.703,22363.998,,0.05584869038174659,,,,0.03626364123266332,,,,0.831438770473866,,,,,,0.07644889791172402,1.0,,0.05584869038174659,,,,0.03626364123266332,,,,0.04619104280410367,,,,,,0.03822444895586201,,1.0,,,,1.0,,,,18.0,,,,,,2.0,,1.0,,,,1.0,,,,14.0,,,,,,2.0
豊後大野市議会議員選挙（2005年04月24日投票）,豊後大野市議会議員選挙,大分県,豊後大野市,20050424.0,2005.0,4.0,24.0,20050417.0,88.24,0.0,48.0,,35990.0,,,,その他,,,,,豊後大野市議会議員選挙（2005年04月24日投票）,7.0,48.0,31.0,1.5483870967741935,0.0,0.0,0.0,0.041666666666666664,0.06451612903225806,0.0,1.0,0.0,0.0,1.0,0.0,,1.0,,,0.020833333333333332,,31379.63,3.0,55.791666666666664,6.996899114766643,26.0,52.0,56.0,60.0,67.0,56.29032258064516,5.89255160453184,40.0,52.5,56.0,60.0,67.0,,,,,,1643.0,,163.0,,29573.63,,,,,,,31379.63,,,,,,0.05235880728995211,,0.005194452579587458,,0.9424467401304605,,,,,,,1.0,,,,,,0.026179403644976056,,0.005194452579587458,,0.02094326089178801,,,,,,,,,,,,2.0,,1.0,,45.0,,,,,,,,,,,,2.0,,0.0,,29.0,,,,,,
豊後大野市議会議員選挙（2009年04月12日投票）,豊後大野市議会議員選挙,大分県,豊後大野市,20090412.0,2009.0,4.0,12.0,20090405.0,83.73,24.0,27.0,1.125,34780.0,,,-1210.0,任期満了,88.24,,,,豊後大野市議会議員選挙（2009年04月12日投票）,1.0,27.0,24.0,1.125,0.0,0.0,0.0,0.037037037037037035,0.041666666666666664,0.7777777777777778,0.2222222222222222,0.0,0.875,0.125,0.0,0.8473946279542744,0.15260537204572552,,0.040352125140679734,0.025434228674287587,,28518.0,2.0,58.592592592592595,6.1659714878982985,41.0,56.0,60.0,62.5,71.0,58.666666666666664,6.459274125025367,41.0,55.75,60.0,63.0,71.0,,,,,,1687.0,,,,26831.0,,,,,,,28518.0,,,,,,0.05915562101129111,,,,0.9408443789887089,,,,,,,1.0,,,,,,0.029577810505645556,,,,0.037633775159548355,,,,,,,,,,,,2.0,,,,25.0,,,,,,,,,,,,1.0,,,,23.0,,,,,,
豊後大野市議会議員選挙（2013年04月14日投票）,豊後大野市議会議員選挙,大分県,豊後大野市,20130414.0,2013.0,4.0,14.0,20130407.0,80.19,22.0,24.0,1.0909090909090908,,,,,任期満了,83.73,,,,豊後大野市議会議員選挙（2013年04月14日投票）,1.0,24.0,22.0,1.0909090909090908,0.0,0.0,0.0,0.041666666666666664,0.045454545454545456,0.75,0.25,0.0,0.7272727272727273,0.2727272727272727,0.0,0.7801069271895072,0.21989307281049272,,0.0433392737327504,0.03664884546841545,,25999.0,3.0,60.833333333333336,8.15304987242334,36.0,59.0,62.5,65.5,75.0,60.5,8.403192034199645,36.0,59.0,62.5,65.0,75.0,,,,,,1149.0,,873.0,,23977.0,,,,,,,25999.0,,,,,,0.04419400746182545,,0.033578214546713336,,0.9222277779914612,,,,,,,1.0,,,,,,0.04419400746182545,,0.033578214546713336,,0.04191944445415732,,,,,,,,,,,,1.0,,1.0,,22.0,,,,,,,,,,,,1.0,,1.0,,20.0,,,,,,
豊後大野市議会議員選挙（2017年04月16日投票）,豊後大野市議会議員選挙,大分県,豊後大野市,20170416.0,2017.0,4.0,16.0,20170409.0,77.19,18.0,23.0,1.2777777777777777,32046.0,,,,任期満了,80.19,,,,豊後大野市議会議員選挙（2017年04月16日投票）,1.0,23.0,18.0,1.2777777777777777,0.0,0.0,0.0,0.043478260869565216,0.05555555555555555,0.6956521739130435,0.30434782608695654,0.0,0.7222222222222222,0.2777777777777778,0.0,0.6178267711341857,0.3821732288658143,,0.03861417319588661,0.05459617555225919,,24378.997,4.0,60.56521739130435,9.025693214164733,40.0,56.0,63.0,66.5,72.0,60.888888888888886,8.77426089884428,43.0,54.5,63.0,68.5,72.0,,,,,,833.0,,,647.0,22138.997,760.0,,,,,,24378.997,,,,,,0.03416875599927265,,,0.026539237852976478,0.9081176309263257,0.03117437522142523,,,,,,1.0,,,,,,0.03416875599927265,,,0.026539237852976478,0.045405881546316286,0.03117437522142523,,,,,,,,,,,1.0,,,1.0,20.0,1.0,,,,,,,,,,,1.0,,,0.0,17.0,0.0,,,,,
豊後大野市議会議員選挙（2021年04月18日投票）,豊後大野市議会議員選挙,大分県,豊後大野市,20210418.0,2021.0,4.0,18.0,20210411.0,65.49,18.0,20.0,1.1111111111111112,29791.0,13746.0,16045.0,-2255.0,任期満了,77.19,,,,豊後大野市議会議員選挙（2021年04月18日投票）,1.0,20.0,18.0,1.1111111111111112,0.0,0.0,0.0,0.1,0.1111111111111111,0.6,0.4,0.0,0.6666666666666666,0.3333333333333333,0.0,0.7143301695970126,0.2856698304029874,,0.05952751413308438,0.03570872880037342,,19281.0,1.0,62.05,8.428967908350346,41.0,57.75,63.5,68.0,76.0,61.5,8.552127740444998,41.0,57.25,63.5,67.75,76.0,,,,,,,,,,19281.0,,,,,,,19281.0,,,,,,,,,,1.0,,,,,,,1.0,,,,,,,,,,0.05,,,,,,,,,,,,,,,,20.0,,,,,,,,,,,,,,,,18.0,,,,,,
豊後高田市議会議員選挙（2007年02月18日投票）,豊後高田市議会議員選挙,大分県,豊後高田市,20070218.0,2007.0,2.0,18.0,20070211.0,8.58,22.0,28.0,1.2727272727272727,21119.0,,,,任期満了,,,,,豊後高田市議会議員選挙（2007年02月18日投票）,1.0,28.0,22.0,1.2727272727272727,0.0,0.0,0.0,0.03571428571428571,0.045454545454545456,0.8571428571428571,0.10714285714285714,0.03571428571428571,0.9090909090909091,0.045454545454545456,0.045454545454545456,0.8989803309745361,0.06814509388755781,0.03287457513790606,0.03745751379060567,0.022715031295852603,0.03287457513790606,17947.0,3.0,59.32142857142857,7.478796558216012,34.0,57.75,59.0,62.0,79.0,59.04545454545455,7.7838835407016855,34.0,58.0,59.0,61.75,79.0,,1138.0,,,,1189.0,,,,15620.0,,,,,,,17947.0,,0.06340892628294423,,,,0.06625062684571238,,,,0.8703404468713434,,,,,,,1.0,,0.06340892628294423,,,,0.06625062684571238,,,,0.03347463257197474,,,,,,,,1.0,,,,1.0,,,,26.0,,,,,,,,1.0,,,,1.0,,,,20.0,,,,,,
豊後高田市議会議員選挙（2011年02月20日投票）,豊後高田市議会議員選挙,大分県,豊後高田市,20110220.0,2011.0,2.0,20.0,20110213.0,81.28,20.0,22.0,1.1,20262.0,,,-857.0,任期満了,8.58,,,,豊後高田市議会議員選挙（2011年02月20日投票）,1.0,22.0,20.0,1.1,0.0,0.0,0.0,0.045454545454545456,0.05,0.9090909090909091,0.09090909090909091,0.0,0.95,0.05,0.0,0.9166055664541441,0.08339443354585581,,0.04583027832270721,0.041697216772927904,,16312.0,4.0,61.31818181818182,9.181930692379977,38.0,61.25,62.5,64.75,83.0,62.95,7.651633812461231,38.0,62.0,63.0,65.0,83.0,,1177.0,,,,1307.0,,473.67,,13354.33,,,,,,,16312.0,,0.0721554683668465,,,,0.08012506130456105,,0.029038131436978913,,0.8186813388916135,,,,,,,1.0,,0.0721554683668465,,,,0.08012506130456105,,0.029038131436978913,,0.04308849152061124,,,,,,,,1.0,,,,1.0,,1.0,,19.0,,,,,,,,1.0,,,,1.0,,1.0,,17.0,,,,,,
豊後高田市議会議員選挙（2015年02月15日投票）,豊後高田市議会議員選挙,大分県,豊後高田市,20150215.0,2015.0,2.0,15.0,20150208.0,,18.0,24.0,1.3333333333333333,,,,,任期満了,81.28,,,,豊後高田市議会議員選挙（2015年02月15日投票）,1.0,24.0,18.0,1.3333333333333333,0.0,0.0,0.0,0.08333333333333333,0.1111111111111111,0.5833333333333334,0.4166666666666667,0.0,0.6666666666666666,0.3333333333333333,0.0,0.6080336054820878,0.39196639451791215,,0.043430971820149135,0.039196639451791214,,15237.99,4.0,63.125,7.7368840627218916,42.0,61.0,65.0,67.0,76.0,63.333333333333336,6.60807586719967,42.0,61.25,65.0,67.0,72.0,,978.51,,,,1204.0,,331.87,,12723.61,,,,,,,15237.990000000002,,0.06421516223596418,,,,0.07901304568384675,,0.02177911916204171,,0.8349926729181473,,,,,,,1.0,,0.06421516223596418,,,,0.039506522841923374,,0.02177911916204171,,0.041749633645907364,,,,,,,,1.0,,,,2.0,,1.0,,20.0,,,,,,,,1.0,,,,2.0,,0.0,,15.0,,,,,,
豊後高田市議会議員選挙（2019年02月10日投票）,豊後高田市議会議員選挙,大分県,豊後高田市,20190210.0,2019.0,2.0,10.0,20190203.0,74.01,18.0,19.0,1.0555555555555556,,,,,任期満了,,,,,豊後高田市議会議員選挙（2019年02月10日投票）,1.0,19.0,16.0,1.1875,0.0,0.0,0.0,0.10526315789473684,0.0625,0.8421052631578947,0.10526315789473684,0.05263157894736842,0.875,0.125,0.0,0.8722009709927193,0.10865420115213016,0.019144827855150526,0.05451256068704496,0.05432710057606508,0.019144827855150526,14154.998000000001,3.0,66.3157894736842,7.954162310447394,46.0,64.5,70.0,71.0,76.0,65.6875,8.446291715895207,46.0,63.5,69.0,70.25,76.0,,857.0,,,,1296.0,,,,12001.998,,,,,,,14154.998,,0.06054398594757838,,,,0.09155776638046859,,,,0.847898247671953,,,,,,,1.0,,0.06054398594757838,,,,0.04577888319023429,,,,0.05299364047949706,,,,,,,,1.0,,,,2.0,,,,16.0,,,,,,,,1.0,,,,1.0,,,,14.0,,,,,,
政党名,,,,,,,,,,,,,,,,,,,,,,,,,,,,,,,,,,,,,,,,,,,,,,,,,,,,,,,,,,,,みんなの党,公明党,国民民主党,幸福実現党,庶民党,日本共産党,日本維新の会,民主党,民進党,無所属,社会民主党,立憲民主党,老人福祉人権党,老人福祉党,自由党,自由民主党,sum_v,みんなの党,公明党,国民民主党,幸福実現党,庶民党,日本共産党,日本維新の会,民主党,民進党,無所属,社会民主党,立憲民主党,老人福祉人権党,老人福祉党,自由党,自由民主党,sum_v,みんなの党,公明党,国民民主党,幸福実現党,庶民党,日本共産党,日本維新の会,民主党,民進党,無所属,社会民主党,立憲民主党,老人福祉人権党,老人福祉党,自由党,自由民主党,みんなの党,公明党,国民民主党,幸福実現党,庶民党,日本共産党,日本維新の会,民主党,民進党,無所属,社会民主党,立憲民主党,老人福祉人権党,老人福祉党,自由党,自由民主党,みんなの党,公明党,国民民主党,幸福実現党,庶民党,日本共産党,日本維新の会,民主党,民進党,無所属,社会民主党,立憲民主党,老人福祉人権党,老人福祉党,自由党,自由民主党
