ele_ymd,prefecture,ele_ymd,ratio_inc_cand,ratio_new_cand,ratio_form_cand,ratio_inc_wins,ratio_new_wins,ratio_form_wins,ratio_inc_votes,ratio_new_votes,ratio_form_votes,ratio_inc_votes_percand,ratio_new_votes_percand,ratio_form_votes_percand,all_votes
熊本市議会議員選挙（2019年04月07日投票）,熊本県,熊本市議会議員選挙（2019年04月07日投票）,,,,,,,,,,,,,241457.998
熊本市議会議員選挙（2015年04月12日投票）,熊本県,熊本市議会議員選挙（2015年04月12日投票）,0.711864406779661,0.2542372881355932,0.03389830508474576,0.8333333333333334,0.125,0.041666666666666664,0.8176938341399346,0.15005639070909532,0.032249775150970064,0.024049818651174545,0.011542799285315024,0.016124887575485032,210141.0
熊本市議会議員選挙（2011年04月24日投票）,熊本県,熊本市議会議員選挙（2011年04月24日投票）,0.6029411764705882,0.3235294117647059,0.07352941176470588,0.7755102040816326,0.16326530612244897,0.061224489795918366,0.7038546384707127,0.23372022352465913,0.062425138004628164,4.014855285745682e-06,0.010623646523848142,0.012485027600925633,249074.98
熊本市議会議員増員選挙（2008年11月16日投票）,熊本県,熊本市議会議員増員選挙（2008年11月16日投票）,0.0,1.0,0.0,0.0,1.0,0.0,,1.0,,,0.5,,4840.0
熊本市議会議員選挙（2007年04月22日投票）,熊本県,熊本市議会議員選挙（2007年04月22日投票）,0.6774193548387096,0.3064516129032258,0.016129032258064516,0.8541666666666666,0.125,0.020833333333333332,0.7819972380824884,0.20471315348600563,0.013289608431505891,4.145902776341107e-06,0.010774376499263454,0.013289608431505891,241201.99
熊本市議会議員選挙（2003年04月27日投票）,熊本県,熊本市議会議員選挙（2003年04月27日投票）,0.6507936507936508,0.3333333333333333,0.015873015873015872,0.75,0.23076923076923078,0.019230769230769232,0.7172268694688646,0.2651239366389419,0.01764919389219346,3.744575187119231e-06,0.012624949363759139,0.01764919389219346,267052.99
八代市議会議員選挙（2021年08月29日投票）,熊本県,八代市議会議員選挙（2021年08月29日投票）,0.6875,0.25,0.0625,0.0,0.0,0.0,,,,,,,0.0
八代市議会議員選挙（2017年08月27日投票）,熊本県,八代市議会議員選挙（2017年08月27日投票）,0.7105263157894737,0.2894736842105263,0.0,0.7857142857142857,0.21428571428571427,0.0,0.7652774682349152,0.2347225317650848,,1.4967821429100648e-05,0.021338411978644074,,66809.99
八代市議会議員選挙（2013年09月01日投票）,熊本県,八代市議会議員選挙（2013年09月01日投票）,0.7714285714285715,0.22857142857142856,0.0,0.84375,0.15625,0.0,0.8071802864363944,0.19281971356360572,,1.4040999719180006e-05,0.024102464195450715,,71220.0
八代市議会議員選挙（2009年08月23日投票）,熊本県,八代市議会議員選挙（2009年08月23日投票）,0.725,0.275,0.0,0.7941176470588235,0.20588235294117646,0.0,0.7630445154826089,0.23695548451739107,,1.1928050002385609e-05,0.021541407683399186,,83836.0
八代市議会議員選挙（2005年09月04日投票）,熊本県,八代市議会議員選挙（2005年09月04日投票）,0.0,1.0,0.0,0.0,1.0,0.0,,1.0,,,0.022222222222222223,,88169.0
人吉市議会議員選挙（2019年04月21日投票）,熊本県,人吉市議会議員選挙（2019年04月21日投票）,,,,,,,,,,,,,19151.999
人吉市議会議員選挙（2015年04月26日投票）,熊本県,人吉市議会議員選挙（2015年04月26日投票）,0.6818181818181818,0.18181818181818182,0.13636363636363635,0.7777777777777778,0.1111111111111111,0.1111111111111111,0.7122465052175625,0.16105532585154558,0.12669816893089192,4.922228785193936e-05,0.040263831462886396,0.042232722976963975,20316.0
人吉市議会議員選挙（2011年04月24日投票）,熊本県,人吉市議会議員選挙（2011年04月24日投票）,0.6,0.32,0.08,0.6666666666666666,0.3333333333333333,0.0,0.6346025384101537,0.3273658427967045,0.03803161879314184,4.453351146737921e-05,0.04092073034958806,0.01901580939657092,22455.0
人吉市議会議員選挙（2007年04月22日投票）,熊本県,人吉市議会議員選挙（2007年04月22日投票）,0.6521739130434783,0.30434782608695654,0.043478260869565216,0.65,0.3,0.05,0.6201175250604909,0.33222433460076045,0.047658140338748704,4.32077428275147e-05,0.047460619228680063,0.047658140338748704,23144.0
人吉市議会議員選挙（2003年04月27日投票）,熊本県,人吉市議会議員選挙（2003年04月27日投票）,0.5384615384615384,0.46153846153846156,0.0,0.6363636363636364,0.36363636363636365,0.0,0.5934207870837538,0.4065792129162462,,4.0363269424823414e-05,0.03388160107635385,,24775.0
荒尾市議会議員選挙（2019年04月21日投票）,熊本県,荒尾市議会議員選挙（2019年04月21日投票）,0.7272727272727273,0.18181818181818182,0.09090909090909091,0.7777777777777778,0.16666666666666666,0.05555555555555555,0.7338688779476549,0.18338084132331348,0.0827502807290317,4.318908180012093e-05,0.04584521033082837,0.04137514036451585,23154.0
荒尾市議会議員選挙（2015年04月26日投票）,熊本県,荒尾市議会議員選挙（2015年04月26日投票）,0.6363636363636364,0.3181818181818182,0.045454545454545456,0.6111111111111112,0.3333333333333333,0.05555555555555555,0.6245793880585335,0.31778699428750296,0.057633617653963534,3.912669222943892e-05,0.04539814204107185,0.057633617653963534,25558.0
荒尾市議会議員選挙（2011年04月24日投票）,熊本県,荒尾市議会議員選挙（2011年04月24日投票）,0.76,0.24,0.0,0.8181818181818182,0.18181818181818182,0.0,0.820390627820499,0.17960937217950107,,3.610238636773891e-05,0.02993489536325018,,27699.0
荒尾市議会議員選挙（2007年04月22日投票）,熊本県,荒尾市議会議員選挙（2007年04月22日投票）,0.76,0.2,0.04,0.8181818181818182,0.13636363636363635,0.045454545454545456,0.7772743570520552,0.1744841748427263,0.04824146810521855,3.2595586557580104e-05,0.03489683496854526,0.04824146810521855,30679.0
荒尾市議会議員選挙（2003年04月27日投票）,熊本県,荒尾市議会議員選挙（2003年04月27日投票）,0.5517241379310345,0.41379310344827586,0.034482758620689655,0.5384615384615384,0.4230769230769231,0.038461538461538464,0.5210693467940628,0.43444143981731864,0.04448921338861848,3.004627125773691e-05,0.03620345331810989,0.04448921338861848,33282.0
水俣市議会議員選挙（2019年04月21日投票）,熊本県,水俣市議会議員選挙（2019年04月21日投票）,,,,,,,,,,,,,14433.999
水俣市議会議員補欠選挙（2018年02月04日投票）,熊本県,水俣市議会議員補欠選挙（2018年02月04日投票）,0.0,0.0,1.0,0.0,0.0,1.0,,,,,,,0.0
水俣市議会議員選挙（2015年04月26日投票）,熊本県,水俣市議会議員選挙（2015年04月26日投票）,0.55,0.35,0.1,0.5625,0.3125,0.125,0.5546661385970382,0.32970410401305844,0.11562975738990341,6.246880464068256e-05,0.04710058628757978,0.05781487869495171,16007.99
水俣市議会議員補欠選挙（2014年02月09日投票）,熊本県,水俣市議会議員補欠選挙（2014年02月09日投票）,0.0,0.5,0.5,0.0,0.5,0.5,,,,,,,0.0
水俣市議会議員選挙（2011年04月24日投票）,熊本県,水俣市議会議員選挙（2011年04月24日投票）,0.7727272727272727,0.18181818181818182,0.045454545454545456,0.8125,0.1875,0.0,0.7321224730533916,0.22948596831189189,0.03839155863471655,5.687638316254304e-05,0.05737149207797297,0.03839155863471655,17581.989999999998
水俣市議会議員選挙（2007年04月22日投票）,熊本県,水俣市議会議員選挙（2007年04月22日投票）,0.7368421052631579,0.21052631578947367,0.05263157894736842,0.7222222222222222,0.2222222222222222,0.05555555555555555,0.6653514865240344,0.25807168657960544,0.0765768268963601,5.557099194220617e-05,0.06451792164490136,0.0765768268963601,17995.0
水俣市議会議員補欠選挙（2006年02月05日投票）,熊本県,水俣市議会議員補欠選挙（2006年02月05日投票）,0.0,0.5,0.5,0.0,0.0,1.0,,0.42938066465256797,0.570619335347432,,0.42938066465256797,0.570619335347432,18536.0
水俣市議会議員選挙（2003年04月27日投票）,熊本県,水俣市議会議員選挙（2003年04月27日投票）,0.7692307692307693,0.23076923076923078,0.0,0.7272727272727273,0.2727272727272727,0.0,0.7359887525562372,0.26401124744376275,,5.112474437627811e-05,0.04400187457396046,,19560.0
水俣市議会議員補欠選挙（2002年02月10日投票）,熊本県,水俣市議会議員補欠選挙（2002年02月10日投票）,0.0,1.0,0.0,0.0,1.0,0.0,,1.0,,,0.25,,18635.0
水俣市議会議員選挙（1999年04月25日投票）,熊本県,水俣市議会議員選挙（1999年04月25日投票）,0.6551724137931034,0.27586206896551724,0.06896551724137931,0.7916666666666666,0.16666666666666666,0.041666666666666664,0.7192766334877304,0.23603035379915246,0.04469301271311718,4.927564797477087e-05,0.029503794224894058,0.02234650635655859,20294.0
玉名市議会議員選挙（2017年10月22日投票）,熊本県,玉名市議会議員選挙（2017年10月22日投票）,0.64,0.36,0.0,0.7272727272727273,0.2727272727272727,0.0,0.6901014591024386,0.30989854089756147,,2.5113639217459002e-05,0.03443317121084016,,39819.0
玉名市議会議員選挙（2013年10月20日投票）,熊本県,玉名市議会議員選挙（2013年10月20日投票）,0.6206896551724138,0.3448275862068966,0.034482758620689655,0.6666666666666666,0.3333333333333333,0.0,0.6130412626512847,0.3685332767121995,0.018425460636515914,2.359213909925213e-05,0.036853327671219946,0.018425460636515914,42387.0
玉名市議会議員選挙（2009年10月25日投票）,熊本県,玉名市議会議員選挙（2009年10月25日投票）,0.84375,0.15625,0.0,0.9230769230769231,0.07692307692307693,0.0,0.8843009349858665,0.1156990650141335,,2.1743857360295716e-05,0.0231398130028267,,45990.0
玉名市議会議員選挙（2005年11月13日投票）,熊本県,玉名市議会議員選挙（2005年11月13日投票）,0.0,1.0,0.0,0.0,1.0,0.0,,1.0,,,0.02702702702702703,,47957.0
山鹿市議会議員選挙（2021年01月31日投票）,熊本県,山鹿市議会議員選挙（2021年01月31日投票）,0.42857142857142855,0.5714285714285714,0.0,0.45,0.55,0.0,0.48724406352317273,0.5127559364768273,,3.476447191950189e-05,0.04272966137306894,,28764.999
山鹿市議会議員選挙（2017年01月29日投票）,熊本県,山鹿市議会議員選挙（2017年01月29日投票）,0.6666666666666666,0.3333333333333333,0.0,0.75,0.25,0.0,0.6586506971086367,0.34134930289136334,,3.1190543027354106e-05,0.04266866286142042,,32061.0
山鹿市議会議員選挙（2013年02月03日投票）,熊本県,山鹿市議会議員選挙（2013年02月03日投票）,0.8846153846153846,0.11538461538461539,0.0,0.9,0.1,0.0,0.8672253951518483,0.13277460484815168,,2.8901742457150996e-05,0.04425820161605056,,34599.99
山鹿市議会議員選挙（2009年01月25日投票）,熊本県,山鹿市議会議員選挙（2009年01月25日投票）,0.7058823529411765,0.29411764705882354,0.0,0.8,0.2,0.0,0.7910650627557606,0.20893493724423937,,2.7464227843234185e-05,0.020893493724423937,,36411.00000000001
山鹿市議会議員補欠選挙（2007年02月04日投票）,熊本県,山鹿市議会議員補欠選挙（2007年02月04日投票）,0.0,1.0,0.0,0.0,1.0,0.0,,1.0,,,0.5,,3455.0
山鹿市議会議員選挙（2005年02月20日投票）,熊本県,山鹿市議会議員選挙（2005年02月20日投票）,0.0,1.0,0.0,0.0,1.0,0.0,,1.0,,,0.022727272727272728,,34857.0
菊池市議会議員選挙（2018年05月20日投票）,熊本県,菊池市議会議員選挙（2018年05月20日投票）,0.7391304347826086,0.17391304347826086,0.08695652173913043,0.75,0.15,0.1,0.7089292015801628,0.13784501107686092,0.1532257873429763,4.1569665584095584e-05,0.03446125276921523,0.07661289367148814,24056.003
菊池市議会議員補欠選挙（2017年04月09日投票）,熊本県,菊池市議会議員補欠選挙（2017年04月09日投票）,0.0,1.0,0.0,0.0,1.0,0.0,,1.0,,,0.5,,20432.0
菊池市議会議員選挙（2014年05月25日投票）,熊本県,菊池市議会議員選挙（2014年05月25日投票）,0.6666666666666666,0.3333333333333333,0.0,0.65,0.35,0.0,0.6449804627643273,0.3550195372356727,,3.8308305240576155e-05,0.05071707674795324,,26104.0
菊池市議会議員補欠選挙（2013年04月14日投票）,熊本県,菊池市議会議員補欠選挙（2013年04月14日投票）,0.0,1.0,0.0,0.0,1.0,0.0,,1.0,,,0.3333333333333333,,25480.0
菊池市議会議員選挙（2010年05月23日投票）,熊本県,菊池市議会議員選挙（2010年05月23日投票）,0.6923076923076923,0.2692307692307692,0.038461538461538464,0.7391304347826086,0.21739130434782608,0.043478260869565216,0.7075462235447524,0.2570129392490555,0.035440837206192115,3.3434752081313316e-05,0.0367161341784365,0.035440837206192115,29909.0
菊池市議会議員再選挙（2009年04月12日投票）,熊本県,菊池市議会議員再選挙（2009年04月12日投票）,0.0,0.6666666666666666,0.3333333333333333,0.0,1.0,0.0,,0.6638408868601239,0.3361591131398761,,0.33192044343006194,0.3361591131398761,24536.0
菊池市議会議員選挙（2006年05月21日投票）,熊本県,菊池市議会議員選挙（2006年05月21日投票）,0.0,1.0,0.0,0.0,1.0,0.0,,1.0,,,0.027777777777777776,,33171.0
宇土市議会議員選挙（2018年10月14日投票）,熊本県,宇土市議会議員選挙（2018年10月14日投票）,0.8571428571428571,0.14285714285714285,0.0,0.8888888888888888,0.1111111111111111,0.0,0.853690932311622,0.14630906768837804,,5.108556832694764e-05,0.048769689229459345,,19575.0
宇土市議会議員選挙（2014年10月05日投票）,熊本県,宇土市議会議員選挙（2014年10月05日投票）,0.65,0.3,0.05,0.7222222222222222,0.2777777777777778,0.0,0.6677193890758478,0.2999741133833808,0.032306497540771424,5.1773233238415744e-05,0.0499956855638968,0.032306497540771424,19315.0
宇土市議会議員選挙（2010年10月03日投票）,熊本県,宇土市議会議員選挙（2010年10月03日投票）,1.0,0.0,0.0,1.0,0.0,0.0,1.0,,,4.570592805886923e-05,,,21879.0
宇土市議会議員選挙（2006年10月08日投票）,熊本県,宇土市議会議員選挙（2006年10月08日投票）,0.8181818181818182,0.09090909090909091,0.09090909090909091,0.8333333333333334,0.05555555555555555,0.1111111111111111,0.8022193211488251,0.07702349869451697,0.12075718015665797,4.351610095735422e-05,0.038511749347258484,0.060378590078328985,22980.0
上天草市議会議員選挙（2021年04月25日投票）,熊本県,上天草市議会議員選挙（2021年04月25日投票）,0.7647058823529411,0.17647058823529413,0.058823529411764705,0.8125,0.125,0.0625,0.7936508186378366,0.15702475869567598,0.049324422666487476,6.559098758841419e-05,0.052341586231891994,0.049324422666487476,15245.997
上天草市議会議員補欠選挙（2018年11月18日投票）,熊本県,上天草市議会議員補欠選挙（2018年11月18日投票）,0.0,0.6666666666666666,0.3333333333333333,0.0,0.0,1.0,,0.4573027989821883,0.5426972010178117,,0.22865139949109414,0.5426972010178117,9825.0
上天草市議会議員選挙（2017年04月23日投票）,熊本県,上天草市議会議員選挙（2017年04月23日投票）,0.7368421052631579,0.10526315789473684,0.15789473684210525,0.75,0.0625,0.1875,0.7010143784728539,0.06917577397880095,0.22980984754834516,5.5429306072757173e-05,0.034587886989400476,0.07660328251611505,18040.998
上天草市議会議員補欠選挙（2014年12月14日投票）,熊本県,上天草市議会議員補欠選挙（2014年12月14日投票）,0.0,0.3333333333333333,0.6666666666666666,0.0,0.3333333333333333,0.6666666666666666,,,,,,,0.0
上天草市議会議員選挙（2013年04月21日投票）,熊本県,上天草市議会議員選挙（2013年04月21日投票）,0.8095238095238095,0.14285714285714285,0.047619047619047616,0.8888888888888888,0.05555555555555555,0.05555555555555555,0.8206717189114708,0.11781556025786133,0.061512720830667784,4.921017666453422e-05,0.03927185341928711,0.061512720830667784,20321.000000000004
上天草市議会議員補欠選挙（2011年04月25日投票）,熊本県,上天草市議会議員補欠選挙（2011年04月25日投票）,0.0,0.0,1.0,0.0,0.0,1.0,,,1.0,,,0.3333333333333333,20010.0
上天草市議会議員選挙（2009年04月19日投票）,熊本県,上天草市議会議員選挙（2009年04月19日投票）,0.7307692307692307,0.19230769230769232,0.07692307692307693,0.7272727272727273,0.18181818181818182,0.09090909090909091,0.7046989246059442,0.1899387984937495,0.10536227690030632,4.479688643720507e-05,0.0379877596987499,0.05268113845015316,22322.980000000003
上天草市議会議員補欠選挙（2007年04月22日投票）,熊本県,上天草市議会議員補欠選挙（2007年04月22日投票）,0.0,0.6,0.4,0.0,1.0,0.0,,0.6701848181776282,0.32981518182237174,,0.22339493939254274,0.16490759091118587,21697.0
上天草市議会議員選挙（2005年04月24日投票）,熊本県,上天草市議会議員選挙（2005年04月24日投票）,0.9473684210526315,0.05263157894736842,0.0,0.9615384615384616,0.038461538461538464,0.0,0.950272794573555,0.049727205426445,,4.147389943823603e-05,0.0248636027132225,,24111.55
宇城市議会議員選挙（2018年04月22日投票）,熊本県,宇城市議会議員選挙（2018年04月22日投票）,0.7083333333333334,0.2916666666666667,0.0,0.7727272727272727,0.22727272727272727,0.0,0.7341068399245932,0.26589316007540675,,3.231957701171833e-05,0.03798473715362954,,30940.999
宇城市議会議員選挙（2014年04月20日投票）,熊本県,宇城市議会議員選挙（2014年04月20日投票）,0.75,0.25,0.0,0.8181818181818182,0.18181818181818182,0.0,0.7822746294491983,0.21772537055080174,,2.978051847227489e-05,0.03628756175846696,,33578.998999999996
宇城市議会議員選挙（2010年04月25日投票）,熊本県,宇城市議会議員選挙（2010年04月25日投票）,1.0,0.0,0.0,1.0,0.0,0.0,1.0,,,2.5431703161160704e-05,,,39321.0
宇城市議会議員選挙（2006年04月23日投票）,熊本県,宇城市議会議員選挙（2006年04月23日投票）,0.7959183673469388,0.20408163265306123,0.0,0.8,0.2,0.0,0.7822791407442188,0.2177208592557812,,2.3476933912431035e-05,0.021772085925578118,,42595.0
阿蘇市議会議員選挙（2019年01月27日投票）,熊本県,阿蘇市議会議員選挙（2019年01月27日投票）,0.8,0.2,0.0,0.8,0.2,0.0,,,,,,,0.0
阿蘇市議会議員選挙（2015年01月25日投票）,熊本県,阿蘇市議会議員選挙（2015年01月25日投票）,0.8571428571428571,0.14285714285714285,0.0,0.85,0.15,0.0,0.8840666249723861,0.11593337502761394,,6.0193860346632374e-05,0.038644458342537984,,16612.99
阿蘇市議会議員選挙（2011年01月30日投票）,熊本県,阿蘇市議会議員選挙（2011年01月30日投票）,0.6521739130434783,0.30434782608695654,0.043478260869565216,0.6363636363636364,0.3181818181818182,0.045454545454545456,0.6405274796397175,0.33215522355859983,0.027317296801682756,5.3934523488484985e-05,0.04745074622265712,0.027317296801682756,18541.0
阿蘇市議会議員選挙（2007年01月28日投票）,熊本県,阿蘇市議会議員選挙（2007年01月28日投票）,0.6060606060606061,0.3939393939393939,0.0,0.6923076923076923,0.3076923076923077,0.0,0.6746112723384757,0.3253887276615244,,0.03747840401880421,0.02711572730512703,,19641.0
天草市議会議員補欠選挙（2021年02月21日投票）,熊本県,天草市議会議員補欠選挙（2021年02月21日投票）,0.0,0.6666666666666666,0.3333333333333333,0.0,1.0,0.0,,0.6923931685870957,0.3076068314129043,,0.3461965842935478,0.3076068314129043,41397.0
天草市議会議員選挙（2018年03月25日投票）,熊本県,天草市議会議員選挙（2018年03月25日投票）,0.8214285714285714,0.17857142857142858,0.0,0.8461538461538461,0.15384615384615385,0.0,0.7844553714158522,0.2155446285841478,,2.0235132236589167e-05,0.04310892571682956,,49419.0
天草市議会議員選挙（2014年03月23日投票）,熊本県,天草市議会議員選挙（2014年03月23日投票）,0.7741935483870968,0.22580645161290322,0.0,0.8461538461538461,0.15384615384615385,0.0,0.8185984801937756,0.18140151980622443,,1.7835170563978412e-05,0.025914502829460635,,56068.990000000005
天草市議会議員選挙（2010年03月28日投票）,熊本県,天草市議会議員選挙（2010年03月28日投票）,0.78125,0.21875,0.0,0.8333333333333334,0.16666666666666666,0.0,0.8505599375773921,0.14944006242260785,,1.696266517395213e-05,0.021348580346086835,,58953.0
天草市議会議員選挙（2006年04月23日投票）,熊本県,天草市議会議員選挙（2006年04月23日投票）,0.0,1.0,0.0,0.0,1.0,0.0,,1.0,,,0.018867924528301886,,67300.96999999999
合志市議会議員選挙（2019年04月21日投票）,熊本県,合志市議会議員選挙（2019年04月21日投票）,0.6666666666666666,0.3333333333333333,0.0,0.7368421052631579,0.2631578947368421,0.0,0.713714237740132,0.286285762259868,,4.1893597300979856e-05,0.040897966037124,,23869.996
合志市議会議員選挙（2015年04月26日投票）,熊本県,合志市議会議員選挙（2015年04月26日投票）,0.5925925925925926,0.4074074074074074,0.0,0.7368421052631579,0.2631578947368421,0.0,0.6672566441264349,0.332743355873565,,3.9314357603396754e-05,0.03024939598850591,,25436.0
合志市議会議員選挙（2011年04月24日投票）,熊本県,合志市議会議員選挙（2011年04月24日投票）,0.8571428571428571,0.14285714285714285,0.0,0.8571428571428571,0.14285714285714285,0.0,,,,,,,0.0
合志市議会議員補欠選挙（2010年03月21日投票）,熊本県,合志市議会議員補欠選挙（2010年03月21日投票）,0.0,0.5,0.5,0.0,1.0,0.0,,0.6235198909617514,0.3764801090382486,,0.6235198909617514,0.3764801090382486,23478.0
合志市議会議員選挙（2007年04月22日投票）,熊本県,合志市議会議員選挙（2007年04月22日投票）,0.6296296296296297,0.3333333333333333,0.037037037037037035,0.625,0.3333333333333333,0.041666666666666664,0.5835224037080602,0.3483434756148996,0.06813412067704028,3.620303967961758e-05,0.03870483062387773,0.06813412067704028,27621.99
美里町議会議員選挙（2018年04月22日投票）,熊本県,美里町議会議員選挙（2018年04月22日投票）,0.8461538461538461,0.15384615384615385,0.0,0.9166666666666666,0.08333333333333333,0.0,0.8335910661291472,0.16640893387085276,,0.00015465514300265127,0.08320446693542638,,6465.999
美里町議会議員選挙（2014年04月20日投票）,熊本県,美里町議会議員選挙（2014年04月20日投票）,0.7692307692307693,0.23076923076923078,0.0,0.75,0.25,0.0,0.6937665782493369,0.30623342175066315,,0.0001326259946949602,0.10207780725022104,,7540.0
美里町議会議員選挙（2010年04月18日投票）,熊本県,美里町議会議員選挙（2010年04月18日投票）,1.0,0.0,0.0,1.0,0.0,0.0,1.0,,,0.00012029351617947793,,,8313.0
美里町議会議員選挙（2006年04月16日投票）,熊本県,美里町議会議員選挙（2006年04月16日投票）,0.625,0.375,0.0,1.0,0.0,0.0,0.7610373145548299,0.23896268544517,,0.000406343840030557,0.07965422848172334,,2460.9700000000003
玉東町議会議員選挙（2019年04月21日投票）,熊本県,玉東町議会議員選挙（2019年04月21日投票）,0.9,0.1,0.0,0.9,0.1,0.0,,,,,,,0.0
玉東町議会議員選挙（2015年04月26日投票）,熊本県,玉東町議会議員選挙（2015年04月26日投票）,0.5384615384615384,0.38461538461538464,0.07692307692307693,0.7,0.2,0.1,0.6133155792276964,0.29720372836218373,0.08948069241011984,0.0002663115845539281,0.05944074567243675,0.08948069241011984,3755.0
玉東町議会議員選挙（2011年04月24日投票）,熊本県,玉東町議会議員選挙（2011年04月24日投票）,0.75,0.25,0.0,0.8,0.2,0.0,0.821216041397154,0.17878395860284604,,0.000258732212160414,0.059594652867615346,,3865.0
玉東町議会議員選挙（2007年04月22日投票）,熊本県,玉東町議会議員選挙（2007年04月22日投票）,0.7272727272727273,0.18181818181818182,0.09090909090909091,0.7,0.2,0.1,0.6958353991075855,0.19633118492811105,0.10783341596430342,0.00024789291026276647,0.09816559246405553,0.10783341596430342,4034.0
南関町議会議員選挙（2018年02月25日投票）,熊本県,南関町議会議員選挙（2018年02月25日投票）,0.625,0.375,0.0,0.75,0.25,0.0,0.6893203883495146,0.3106796116504854,,0.00017337031900138697,0.0517799352750809,,5768.0
南関町議会議員選挙（2014年02月23日投票）,熊本県,南関町議会議員選挙（2014年02月23日投票）,0.6,0.3333333333333333,0.06666666666666667,0.75,0.16666666666666666,0.08333333333333333,0.7364096696265833,0.2057603800514903,0.0578299503219265,0.0001497680841217375,0.041152076010298064,0.0578299503219265,6676.99
南関町議会議員選挙（2010年02月21日投票）,熊本県,南関町議会議員選挙（2010年02月21日投票）,0.5555555555555556,0.4444444444444444,0.0,0.5833333333333334,0.4166666666666667,0.0,0.5593674618064862,0.4406325381935138,,0.00013401232913428035,0.05507906727418922,,7462.0
南関町議会議員選挙（2006年02月26日投票）,熊本県,南関町議会議員選挙（2006年02月26日投票）,0.38461538461538464,0.46153846153846156,0.15384615384615385,0.4166666666666667,0.4166666666666667,0.16666666666666666,0.35050993022007515,0.5343531937734837,0.11513687600644122,0.00013419216317767042,0.08905886562891395,0.05756843800322061,7452.0
長洲町議会議員選挙（2017年10月01日投票）,熊本県,長洲町議会議員選挙（2017年10月01日投票）,0.8571428571428571,0.14285714285714285,0.0,0.8571428571428571,0.14285714285714285,0.0,,,,,,,0.0
長洲町議会議員選挙（2013年10月06日投票）,熊本県,長洲町議会議員選挙（2013年10月06日投票）,0.625,0.3125,0.0625,0.6428571428571429,0.2857142857142857,0.07142857142857142,0.632511798636602,0.30686942842160464,0.060618772941793395,0.0001048767697954903,0.06137388568432093,0.060618772941793395,9535.0
長洲町議会議員選挙（2009年10月04日投票）,熊本県,長洲町議会議員選挙（2009年10月04日投票）,0.6875,0.1875,0.125,0.7857142857142857,0.07142857142857142,0.14285714285714285,0.7418349914581449,0.11245100994874888,0.14571399859310621,0.00010049241282283188,0.037483669982916294,0.07285699929655311,9951.0
和水町議会議員選挙（2018年03月25日投票）,熊本県,和水町議会議員選挙（2018年03月25日投票）,0.5,0.5,0.0,0.4166666666666667,0.5833333333333334,0.0,0.4523741825419392,0.5476258174580608,,0.0001421666192777936,0.0684532271822576,,7034.0
和水町議会議員選挙（2014年03月23日投票）,熊本県,和水町議会議員選挙（2014年03月23日投票）,0.7333333333333333,0.26666666666666666,0.0,0.7857142857142857,0.21428571428571427,0.0,0.7414956982131039,0.2585043017868961,,0.00013236267372600927,0.06462607544672402,,7555.0
和水町議会議員選挙（2010年03月28日投票）,熊本県,和水町議会議員選挙（2010年03月28日投票）,0.75,0.25,0.0,0.7857142857142857,0.21428571428571427,0.0,0.7965960485598667,0.2034039514401333,,0.000119019281123542,0.05085098786003332,,8402.0
和水町議会議員選挙（2006年04月16日投票）,熊本県,和水町議会議員選挙（2006年04月16日投票）,0.0,1.0,0.0,0.0,1.0,0.0,,1.0,,,0.05555555555555555,,9022.0
大津町議会議員選挙（2021年01月31日投票）,熊本県,大津町議会議員選挙（2021年01月31日投票）,,,,,,,,,,,,,0.0
大津町議会議員選挙（2017年02月05日投票）,熊本県,大津町議会議員選挙（2017年02月05日投票）,0.7777777777777778,0.2222222222222222,0.0,0.8125,0.1875,0.0,0.8366172238211202,0.16338277617887978,,7.379529186037931e-05,0.040845694044719945,,13551.0
大津町議会議員選挙（2013年02月10日投票）,熊本県,大津町議会議員選挙（2013年02月10日投票）,0.42105263157894735,0.5263157894736842,0.05263157894736842,0.5,0.4375,0.0625,0.44483271856597423,0.49336698375719923,0.06180029767682651,6.471235358830001e-05,0.049336698375719926,0.06180029767682651,15453.0
大津町議会議員選挙（2009年02月01日投票）,熊本県,大津町議会議員選挙（2009年02月01日投票）,0.6666666666666666,0.2777777777777778,0.05555555555555555,0.6875,0.25,0.0625,0.6535786545270612,0.3059559939301973,0.04046535154274153,6.322711178553364e-05,0.06119119878603946,0.04046535154274153,15816.0
菊陽町議会議員選挙（2019年04月21日投票）,熊本県,菊陽町議会議員選挙（2019年04月21日投票）,0.7619047619047619,0.09523809523809523,0.14285714285714285,0.7777777777777778,0.05555555555555555,0.16666666666666666,0.7737544887268151,0.0689489336562774,0.15729657761690766,6.874270553965843e-05,0.0344744668281387,0.05243219253896922,14546.998
菊陽町議会議員補欠選挙（2018年09月30日投票）,熊本県,菊陽町議会議員補欠選挙（2018年09月30日投票）,0.0,0.75,0.25,0.0,0.5,0.5,,0.5459875671093529,0.4540124328906471,,0.18199585570311763,0.4540124328906471,14156.0
菊陽町議会議員選挙（2015年04月26日投票）,熊本県,菊陽町議会議員選挙（2015年04月26日投票）,0.7142857142857143,0.23809523809523808,0.047619047619047616,0.7222222222222222,0.2222222222222222,0.05555555555555555,0.6569633002207506,0.3063369205298013,0.036699779249448124,6.898454746136865e-05,0.06126738410596026,0.036699779249448124,14496.0
菊陽町議会議員補欠選挙（2014年09月28日投票）,熊本県,菊陽町議会議員補欠選挙（2014年09月28日投票）,0.0,0.6666666666666666,0.3333333333333333,0.0,1.0,0.0,,0.642315369261477,0.35768463073852297,,0.3211576846307385,0.35768463073852297,12525.0
菊陽町議会議員選挙（2011年04月24日投票）,熊本県,菊陽町議会議員選挙（2011年04月24日投票）,0.6842105263157895,0.21052631578947367,0.10526315789473684,0.6666666666666666,0.2222222222222222,0.1111111111111111,0.685642082862273,0.2394094566735386,0.07494846046418834,6.650262685376072e-05,0.05985236416838465,0.03747423023209417,15037.0
菊陽町議会議員選挙（2007年04月22日投票）,熊本県,菊陽町議会議員選挙（2007年04月22日投票）,0.7368421052631579,0.2631578947368421,0.0,0.7222222222222222,0.2777777777777778,0.0,0.7614524386957693,0.23854756130423066,,6.736728644570196e-05,0.04770951226084613,,14844.0
菊陽町議会議員補欠選挙（2006年10月01日投票）,熊本県,菊陽町議会議員補欠選挙（2006年10月01日投票）,0.0,1.0,0.0,0.0,1.0,0.0,,1.0,,,0.25,,14559.0
菊陽町議会議員選挙（2003年04月27日投票）,熊本県,菊陽町議会議員選挙（2003年04月27日投票）,0.6086956521739131,0.30434782608695654,0.08695652173913043,0.7,0.25,0.05,0.6975346166835529,0.2548463356973995,0.047619047619047616,6.754474839581223e-05,0.03640661938534279,0.023809523809523808,14805.0
南小国町議会議員選挙（2019年04月21日投票）,熊本県,南小国町議会議員選挙（2019年04月21日投票）,0.6666666666666666,0.25,0.08333333333333333,0.6,0.3,0.1,0.5979073243647235,0.3030642750373692,0.09902840059790732,0.0003736920777279522,0.10102142501245641,0.09902840059790732,2676.0
南小国町議会議員選挙（2015年04月26日投票）,熊本県,南小国町議会議員選挙（2015年04月26日投票）,0.4166666666666667,0.5,0.08333333333333333,0.5,0.4,0.1,0.5547487352445194,0.35959527824620574,0.08565598650927488,0.0003372681281618887,0.05993254637436762,0.08565598650927488,2965.0
南小国町議会議員選挙（2011年04月24日投票）,熊本県,南小国町議会議員選挙（2011年04月24日投票）,0.42857142857142855,0.5714285714285714,0.0,0.3,0.7,0.0,0.34425736620565245,0.6557426337943476,,0.0003006614552014432,0.08196782922429345,,3326.0
南小国町議会議員選挙（2007年04月22日投票）,熊本県,南小国町議会議員選挙（2007年04月22日投票）,0.8,0.2,0.0,0.8,0.2,0.0,,,,,,,0.0
小国町議会議員選挙（2019年04月21日投票）,熊本県,小国町議会議員選挙（2019年04月21日投票）,0.6666666666666666,0.3333333333333333,0.0,0.7,0.3,0.0,0.6376811594202898,0.36231884057971014,,0.00020703933747412005,0.09057971014492754,,4830.0
小国町議会議員選挙（2015年04月26日投票）,熊本県,小国町議会議員選挙（2015年04月26日投票）,1.0,0.0,0.0,1.0,0.0,0.0,1.0,,,0.00019538882375928098,,,5118.0
小国町議会議員選挙（2011年04月24日投票）,熊本県,小国町議会議員選挙（2011年04月24日投票）,0.42857142857142855,0.5714285714285714,0.0,0.3333333333333333,0.6666666666666666,0.0,0.36132983377077865,0.6386701662292213,,0.00017497812773403323,0.07983377077865267,,5715.0
小国町議会議員選挙（2007年04月22日投票）,熊本県,小国町議会議員選挙（2007年04月22日投票）,0.5384615384615384,0.38461538461538464,0.07692307692307693,0.5833333333333334,0.3333333333333333,0.08333333333333333,0.5073529411764706,0.4239639037433155,0.0686831550802139,0.00016711229946524063,0.0847927807486631,0.0686831550802139,5984.0
産山村議会議員選挙（2019年04月21日投票）,熊本県,産山村議会議員選挙（2019年04月21日投票）,0.5555555555555556,0.3333333333333333,0.1111111111111111,0.5,0.375,0.125,0.49734513274336284,0.3938053097345133,0.1088495575221239,0.0008849557522123894,0.13126843657817108,0.1088495575221239,1130.0
産山村議会議員選挙（2015年04月26日投票）,熊本県,産山村議会議員選挙（2015年04月26日投票）,0.7777777777777778,0.1111111111111111,0.1111111111111111,0.75,0.125,0.125,0.75,0.10714285714285714,0.14285714285714285,0.0008305647840531562,0.10714285714285714,0.14285714285714285,1204.0
産山村議会議員選挙（2011年04月24日投票）,熊本県,産山村議会議員選挙（2011年04月24日投票）,0.5555555555555556,0.3333333333333333,0.1111111111111111,0.5,0.375,0.125,0.5447284345047924,0.3274760383386581,0.12779552715654952,0.0007987220447284346,0.10915867944621938,0.12779552715654952,1252.0
産山村議会議員選挙（2007年04月22日投票）,熊本県,産山村議会議員選挙（2007年04月22日投票）,0.4444444444444444,0.4444444444444444,0.1111111111111111,0.375,0.5,0.125,0.4257575757575758,0.4734848484848485,0.10075757575757575,0.0007575757575757576,0.11837121212121213,0.10075757575757575,1320.0
産山村議会議員補欠選挙（2005年11月06日投票）,熊本県,産山村議会議員補欠選挙（2005年11月06日投票）,0.0,1.0,0.0,0.0,1.0,0.0,,,,,,,0.0
産山村議会議員選挙（2003年04月27日投票）,熊本県,産山村議会議員選挙（2003年04月27日投票）,0.7,0.3,0.0,0.7,0.3,0.0,,,,,,,0.0
高森町議会議員選挙（2019年04月21日投票）,熊本県,高森町議会議員選挙（2019年04月21日投票）,0.6363636363636364,0.36363636363636365,0.0,0.7,0.3,0.0,0.6797559420730213,0.32024405792697874,,0.0002403848465238909,0.08006101448174469,,4159.996
高森町議会議員選挙（2015年04月26日投票）,熊本県,高森町議会議員選挙（2015年04月26日投票）,0.5833333333333334,0.3333333333333333,0.08333333333333333,0.6,0.3,0.1,0.6044137050436262,0.3140795914024261,0.08150670355394765,0.00021281123643328366,0.07851989785060652,0.08150670355394765,4698.999999999999
高森町議会議員選挙（2011年04月24日投票）,熊本県,高森町議会議員選挙（2011年04月24日投票）,0.4666666666666667,0.4666666666666667,0.06666666666666667,0.6,0.4,0.0,0.47303220888126546,0.4781780064798933,0.04878978463884124,0.0001905850962454736,0.0683111437828419,0.04878978463884124,5247.0
高森町議会議員選挙（2007年04月22日投票）,熊本県,高森町議会議員選挙（2007年04月22日投票）,0.7857142857142857,0.21428571428571427,0.0,0.7,0.3,0.0,0.787205620330424,0.21279437966957607,,0.00018814710846116363,0.07093145988985869,,5314.99
高森町議会議員選挙（2003年04月27日投票）,熊本県,高森町議会議員選挙（2003年04月27日投票）,0.5625,0.375,0.0625,0.5714285714285714,0.35714285714285715,0.07142857142857142,0.5611465657111953,0.38386875788714614,0.05498467640165856,0.0001802776275464215,0.06397812631452436,0.05498467640165856,5547.0
西原村議会議員選挙（2020年09月13日投票）,熊本県,西原村議会議員選挙（2020年09月13日投票）,0.7272727272727273,0.2727272727272727,0.0,0.7,0.3,0.0,0.6856706541104607,0.3143293458895393,,0.00025451768897938407,0.10477644862984643,,3929.0
西原村議会議員選挙（2016年09月11日投票）,熊本県,西原村議会議員選挙（2016年09月11日投票）,0.6153846153846154,0.3076923076923077,0.07692307692307693,0.7,0.2,0.1,0.666913763281443,0.23597726711144057,0.09710896960711639,0.00024709661477637757,0.05899431677786014,0.09710896960711639,4047.0
西原村議会議員選挙（2012年09月09日投票）,熊本県,西原村議会議員選挙（2012年09月09日投票）,0.2857142857142857,0.5714285714285714,0.14285714285714285,0.2727272727272727,0.5454545454545454,0.18181818181818182,0.2840501792114695,0.5490591397849462,0.16689068100358423,0.00022401433691756272,0.06863239247311828,0.08344534050179211,4464.0
西原村議会議員選挙（2008年09月07日投票）,熊本県,西原村議会議員選挙（2008年09月07日投票）,0.6666666666666666,0.3333333333333333,0.0,0.75,0.25,0.0,0.6857020180334907,0.3142979819665092,,0.00021468441391155,0.06285959639330184,,4658.0
南阿蘇村議会議員選挙（2021年02月28日投票）,熊本県,南阿蘇村議会議員選挙（2021年02月28日投票）,0.5555555555555556,0.3888888888888889,0.05555555555555555,0.6428571428571429,0.35714285714285715,0.0,0.6149409116488463,0.3556555993247046,0.02940348902644907,0.00014068655036578504,0.05080794276067208,0.02940348902644907,7108.0
南阿蘇村議会議員選挙（2017年02月26日投票）,熊本県,南阿蘇村議会議員選挙（2017年02月26日投票）,0.6842105263157895,0.21052631578947367,0.10526315789473684,0.6428571428571429,0.21428571428571427,0.14285714285714285,0.7164000815254011,0.17746010756508826,0.10613981090951068,0.00012883280825375118,0.044365026891272065,0.05306990545475534,7761.998
南阿蘇村議会議員選挙（2013年02月24日投票）,熊本県,南阿蘇村議会議員選挙（2013年02月24日投票）,0.45,0.55,0.0,0.35714285714285715,0.6428571428571429,0.0,0.42190533542093217,0.5780946645790678,,0.00012043839576056847,0.052554060416278886,,8303.0
南阿蘇村議会議員選挙（2009年02月22日投票）,熊本県,南阿蘇村議会議員選挙（2009年02月22日投票）,0.6086956521739131,0.391304347826087,0.0,0.7222222222222222,0.2777777777777778,0.0,0.6569442357987175,0.3430557642012825,,0.00011828734124360213,0.03811730713347583,,8453.99
南阿蘇村議会議員選挙（2005年03月06日投票）,熊本県,南阿蘇村議会議員選挙（2005年03月06日投票）,0.0,1.0,0.0,0.0,1.0,0.0,,1.0,,,0.037037037037037035,,8567.0
御船町議会議員選挙（2019年04月21日投票）,熊本県,御船町議会議員選挙（2019年04月21日投票）,0.6666666666666666,0.26666666666666666,0.06666666666666667,0.6428571428571429,0.2857142857142857,0.07142857142857142,0.6163575692901243,0.3251113980225213,0.05853103268735447,0.00010359474811921145,0.08127784950563033,0.05853103268735447,9652.999
御船町議会議員選挙（2015年04月26日投票）,熊本県,御船町議会議員選挙（2015年04月26日投票）,0.7058823529411765,0.29411764705882354,0.0,0.7857142857142857,0.21428571428571427,0.0,0.7199640287769784,0.2800359712230216,,8.992805755395684e-05,0.05600719424460432,,11120.0
御船町議会議員選挙（2011年04月24日投票）,熊本県,御船町議会議員選挙（2011年04月24日投票）,0.5882352941176471,0.4117647058823529,0.0,0.625,0.375,0.0,0.6754587155963303,0.32454128440366975,,8.821453775582216e-05,0.04636304062909568,,11336.0
御船町議会議員選挙（2007年04月22日投票）,熊本県,御船町議会議員選挙（2007年04月22日投票）,0.8421052631578947,0.15789473684210525,0.0,0.875,0.125,0.0,0.850749898662343,0.14925010133765707,,8.107012565869477e-05,0.04975003377921902,,12335.0
御船町議会議員選挙（2003年02月27日投票）,熊本県,御船町議会議員選挙（2003年02月27日投票）,0.6190476190476191,0.38095238095238093,0.0,0.65,0.35,0.0,0.6295417348608838,0.3704582651391162,,8.183306055646482e-05,0.04630728314238953,,12220.0
嘉島町議会議員補欠選挙（2021年04月11日投票）,熊本県,嘉島町議会議員補欠選挙（2021年04月11日投票）,0.0,0.6666666666666666,0.3333333333333333,0.0,0.5,0.5,,0.6191536748329621,0.38084632516703787,,0.30957683741648107,0.38084632516703787,3143.0
嘉島町議会議員選挙（2019年02月03日投票）,熊本県,嘉島町議会議員選挙（2019年02月03日投票）,0.6153846153846154,0.38461538461538464,0.0,0.6363636363636364,0.36363636363636365,0.0,0.6610997963340122,0.3389002036659878,,0.00020366598778004071,0.06778004073319756,,4910.0
嘉島町議会議員選挙（2015年02月01日投票）,熊本県,嘉島町議会議員選挙（2015年02月01日投票）,0.4166666666666667,0.5833333333333334,0.0,0.45454545454545453,0.5454545454545454,0.0,0.46868120872523517,0.5313187912747649,,0.00020012007204322593,0.07590268446782356,,4997.0
嘉島町議会議員選挙（2011年01月30日投票）,熊本県,嘉島町議会議員選挙（2011年01月30日投票）,0.6666666666666666,0.3333333333333333,0.0,0.7272727272727273,0.2727272727272727,0.0,0.6863617968433833,0.3136382031566168,,0.00020234722784297855,0.0784095507891542,,4942.0
嘉島町議会議員選挙（2007年02月04日投票）,熊本県,嘉島町議会議員選挙（2007年02月04日投票）,0.7272727272727273,0.2727272727272727,0.0,0.7272727272727273,0.2727272727272727,0.0,,,,,,,0.0
益城町議会議員選挙（2019年04月21日投票）,熊本県,益城町議会議員選挙（2019年04月21日投票）,,,,,,,,,,,,,16211.0
益城町議会議員選挙（2015年04月26日投票）,熊本県,益城町議会議員選挙（2015年04月26日投票）,0.5416666666666666,0.4583333333333333,0.0,0.6111111111111112,0.3888888888888889,0.0,0.5502221734598717,0.4497778265401284,,5.485764441274892e-05,0.04088889332182985,,18229.0
益城町議会議員選挙（2011年04月24日投票）,熊本県,益城町議会議員選挙（2011年04月24日投票）,0.7142857142857143,0.23809523809523808,0.047619047619047616,0.7777777777777778,0.2222222222222222,0.0,0.7410709575309945,0.22479556845159587,0.034133474017409654,5.275652862041678e-05,0.04495911369031917,0.034133474017409654,18955.0
益城町議会議員選挙（2007年04月22日投票）,熊本県,益城町議会議員選挙（2007年04月22日投票）,0.7272727272727273,0.2727272727272727,0.0,0.7368421052631579,0.2631578947368421,0.0,0.7357246750567361,0.2642753249432639,,5.1578295853105015e-05,0.04404588749054398,,19388.0
甲佐町議会議員選挙（2019年02月17日投票）,熊本県,甲佐町議会議員選挙（2019年02月17日投票）,0.5714285714285714,0.35714285714285715,0.07142857142857142,0.5,0.4166666666666667,0.08333333333333333,0.5364409463835247,0.40555721395603217,0.05800183966044326,0.00015183727659801903,0.08111144279120644,0.05800183966044326,6585.998
甲佐町議会議員選挙（2015年02月15日投票）,熊本県,甲佐町議会議員選挙（2015年02月15日投票）,0.7692307692307693,0.15384615384615385,0.07692307692307693,0.75,0.16666666666666666,0.08333333333333333,0.7611364934323244,0.1690462592804112,0.06981724728726442,0.00014277555682467162,0.0845231296402056,0.06981724728726442,7004.0
甲佐町議会議員選挙（2011年02月13日投票）,熊本県,甲佐町議会議員選挙（2011年02月13日投票）,0.7692307692307693,0.23076923076923078,0.0,0.75,0.25,0.0,0.7388099705172876,0.2611900294827124,,0.00013401232913428035,0.08706334316090414,,7462.0
甲佐町議会議員補欠選挙（2007年08月19日投票）,熊本県,甲佐町議会議員補欠選挙（2007年08月19日投票）,0.0,1.0,0.0,0.0,1.0,0.0,,1.0,,,0.5,,7136.0
甲佐町議会議員選挙（2007年02月18日投票）,熊本県,甲佐町議会議員選挙（2007年02月18日投票）,0.6153846153846154,0.38461538461538464,0.0,0.6666666666666666,0.3333333333333333,0.0,0.5457436399217221,0.4542563600782779,,0.00012230919765166343,0.09085127201565558,,8176.0
山都町議会議員選挙（2017年10月22日投票）,熊本県,山都町議会議員選挙（2017年10月22日投票）,0.4,0.6,0.0,0.42857142857142855,0.5714285714285714,0.0,0.3528116686542519,0.647188331345748,,9.173470323823502e-05,0.071909814593972,,10901.0
山都町議会議員選挙（2013年10月27日投票）,熊本県,山都町議会議員選挙（2013年10月27日投票）,0.6875,0.3125,0.0,0.7142857142857143,0.2857142857142857,0.0,0.6428205358333634,0.3571794641666366,,8.387861422463868e-05,0.07143589283332732,,11921.99
山都町議会議員補欠選挙（2013年02月24日投票）,熊本県,山都町議会議員補欠選挙（2013年02月24日投票）,0.0,1.0,0.0,0.0,1.0,0.0,,1.0,,,0.3333333333333333,,10891.0
山都町議会議員選挙（2009年10月25日投票）,熊本県,山都町議会議員選挙（2009年10月25日投票）,0.75,0.25,0.0,0.8333333333333334,0.16666666666666666,0.0,0.7260368233541888,0.27396317664581116,,7.495695596803536e-05,0.05479263532916223,,13340.99
山都町議会議員補欠選挙（2009年02月22日投票）,熊本県,山都町議会議員補欠選挙（2009年02月22日投票）,0.0,1.0,0.0,0.0,1.0,0.0,,1.0,,,0.3333333333333333,,11916.0
氷川町議会議員選挙（2017年10月22日投票）,熊本県,氷川町議会議員選挙（2017年10月22日投票）,0.75,0.16666666666666666,0.08333333333333333,0.75,0.16666666666666666,0.08333333333333333,,,,,,,0.0
氷川町議会議員選挙（2013年10月20日投票）,熊本県,氷川町議会議員選挙（2013年10月20日投票）,0.6,0.3333333333333333,0.06666666666666667,0.6666666666666666,0.25,0.08333333333333333,0.6332737030411449,0.2811142346026067,0.08561206235624841,0.0001277791975466394,0.05622284692052134,0.08561206235624841,7826.0
氷川町議会議員選挙（2009年10月18日投票）,熊本県,氷川町議会議員選挙（2009年10月18日投票）,0.5625,0.4375,0.0,0.6428571428571429,0.35714285714285715,0.0,0.6211864213052921,0.37881357869470794,,0.00011429877700308608,0.05411622552781542,,8749.0
氷川町議会議員選挙（2005年11月06日投票）,熊本県,氷川町議会議員選挙（2005年11月06日投票）,0.0,1.0,0.0,0.0,1.0,0.0,,1.0,,,0.05555555555555555,,9278.0
芦北町議会議員補欠選挙（2020年12月27日投票）,熊本県,芦北町議会議員補欠選挙（2020年12月27日投票）,0.0,1.0,0.0,0.0,1.0,0.0,,1.0,,,0.3333333333333333,,9897.0
芦北町議会議員選挙（2018年03月25日投票）,熊本県,芦北町議会議員選挙（2018年03月25日投票）,0.8235294117647058,0.11764705882352941,0.058823529411764705,0.875,0.0625,0.0625,0.8058134321924303,0.10210966462626088,0.09207690318130873,8.621432882145013e-05,0.05105483231313044,0.09207690318130873,11599.000000000002
芦北町議会議員選挙（2014年03月30日投票）,熊本県,芦北町議会議員選挙（2014年03月30日投票）,0.8421052631578947,0.15789473684210525,0.0,0.9375,0.0625,0.0,0.880093494351383,0.11990650564861706,,7.791195948578106e-05,0.039968835216205686,,12835.0
芦北町議会議員選挙（2010年03月22日投票）,熊本県,芦北町議会議員選挙（2010年03月22日投票）,0.8235294117647058,0.11764705882352941,0.058823529411764705,0.8125,0.125,0.0625,0.7727135104255927,0.12853470437017994,0.09875178520422737,7.140816909454442e-05,0.06426735218508997,0.09875178520422737,14004.0
芦北町議会議員補欠選挙（2009年01月18日投票）,熊本県,芦北町議会議員補欠選挙（2009年01月18日投票）,0.0,1.0,0.0,0.0,1.0,0.0,,1.0,,,0.5,,13577.0
芦北町議会議員選挙（2006年03月26日投票）,熊本県,芦北町議会議員選挙（2006年03月26日投票）,0.8,0.16,0.04,0.8181818181818182,0.13636363636363635,0.045454545454545456,0.7876264054178447,0.15661713459136037,0.05575645999079493,6.575054244197514e-05,0.03915428364784009,0.05575645999079493,15209.0
津奈木町議会議員補欠選挙（2021年07月11日投票）,熊本県,津奈木町議会議員補欠選挙（2021年07月11日投票）,0.0,1.0,0.0,0.0,1.0,0.0,,,,,,,0.0
津奈木町議会議員選挙（2019年04月21日投票）,熊本県,津奈木町議会議員選挙（2019年04月21日投票）,0.7777777777777778,0.1111111111111111,0.1111111111111111,0.7777777777777778,0.1111111111111111,0.1111111111111111,,,,,,,0.0
津奈木町議会議員選挙（2015年04月26日投票）,熊本県,津奈木町議会議員選挙（2015年04月26日投票）,0.6363636363636364,0.36363636363636365,0.0,0.7,0.3,0.0,0.6666666666666666,0.3333333333333333,,0.00028538812785388126,0.08333333333333333,,3504.0
津奈木町議会議員選挙（2011年04月24日投票）,熊本県,津奈木町議会議員選挙（2011年04月24日投票）,0.6666666666666666,0.3333333333333333,0.0,0.6666666666666666,0.3333333333333333,0.0,,,,,,,0.0
津奈木町議会議員選挙（2007年04月22日投票）,熊本県,津奈木町議会議員選挙（2007年04月22日投票）,0.7857142857142857,0.14285714285714285,0.07142857142857142,0.8333333333333334,0.16666666666666666,0.0,0.7780045930084205,0.1699413115590712,0.052054095432508295,0.00025516713447307985,0.0849706557795356,0.052054095432508295,3919.0
津奈木町議会議員選挙（2003年04月27日投票）,熊本県,津奈木町議会議員選挙（2003年04月27日投票）,0.8235294117647058,0.17647058823529413,0.0,0.9285714285714286,0.07142857142857142,0.0,0.8833752670306195,0.1166247329693805,,0.00023736055067647758,0.0388749109897935,,4213.0
錦町議会議員選挙（2019年04月21日投票）,熊本県,錦町議会議員選挙（2019年04月21日投票）,0.0,0.35714285714285715,0.6428571428571429,0.0,0.3333333333333333,0.6666666666666666,,0.35758513931888547,0.6424148606811145,,0.07151702786377709,0.07137942896456828,6460.0
錦町議会議員選挙（2015年07月26日投票）,熊本県,錦町議会議員選挙（2015年07月26日投票）,0.5882352941176471,0.35294117647058826,0.058823529411764705,0.75,0.25,0.0,0.6518760703721003,0.29347656858165966,0.05464736104624007,0.00015569048731122528,0.04891276143027661,0.05464736104624007,6423.0
錦町議会議員選挙（2011年07月31日投票）,熊本県,錦町議会議員選挙（2011年07月31日投票）,0.5555555555555556,0.3888888888888889,0.05555555555555555,0.7142857142857143,0.2857142857142857,0.0,0.6388688500937816,0.3308324917039388,0.030298658202279612,0.00014427932477276007,0.04726178452913411,0.030298658202279612,6931.0
錦町議会議員選挙（2007年07月29日投票）,熊本県,錦町議会議員選挙（2007年07月29日投票）,0.5555555555555556,0.3888888888888889,0.05555555555555555,0.6428571428571429,0.2857142857142857,0.07142857142857142,0.6506088585574735,0.27873678576207683,0.07065435568044962,0.00013381506757660912,0.03981954082315383,0.07065435568044962,7473.0
多良木町議会議員選挙（2019年04月21日投票）,熊本県,多良木町議会議員選挙（2019年04月21日投票）,,,,,,,,,,,,,5687.0
多良木町議会議員補欠選挙（2017年02月05日投票）,熊本県,多良木町議会議員補欠選挙（2017年02月05日投票）,0.0,0.0,1.0,0.0,0.0,1.0,,,1.0,,,0.5,5788.0
多良木町議会議員選挙（2015年04月26日投票）,熊本県,多良木町議会議員選挙（2015年04月26日投票）,0.5714285714285714,0.2857142857142857,0.14285714285714285,0.5833333333333334,0.25,0.16666666666666666,0.5410036719706243,0.3014075887392901,0.15758873929008568,0.00015299877600979194,0.07535189718482252,0.07879436964504284,6536.0
多良木町議会議員補欠選挙（2013年02月03日投票）,熊本県,多良木町議会議員補欠選挙（2013年02月03日投票）,0.0,0.75,0.25,0.0,0.6666666666666666,0.3333333333333333,,0.6438418421451295,0.3561581578548705,,0.21461394738170983,0.3561581578548705,6601.0
多良木町議会議員選挙（2011年04月24日投票）,熊本県,多良木町議会議員選挙（2011年04月24日投票）,0.6470588235294118,0.35294117647058826,0.0,0.6428571428571429,0.35714285714285715,0.0,0.6121834360027378,0.38781656399726216,,0.00013689253935660506,0.06463609399954369,,7305.0
多良木町議会議員選挙（2007年04月22日投票）,熊本県,多良木町議会議員選挙（2007年04月22日投票）,0.7647058823529411,0.23529411764705882,0.0,0.8125,0.1875,0.0,0.7664110230079293,0.2335889769920707,,0.00012998830105290525,0.05839724424801768,,7693.0
湯前町議会議員選挙（2020年11月15日投票）,熊本県,湯前町議会議員選挙（2020年11月15日投票）,0.8181818181818182,0.18181818181818182,0.0,0.8,0.2,0.0,0.8050555342780544,0.19494446572194563,,0.0003829950210647262,0.09747223286097281,,2611.0
湯前町議会議員選挙（2016年11月20日投票）,熊本県,湯前町議会議員選挙（2016年11月20日投票）,0.75,0.16666666666666666,0.08333333333333333,0.8,0.1,0.1,0.8110795454545454,0.07670454545454546,0.11221590909090909,0.0003551136363636363,0.03835227272727273,0.11221590909090909,2816.0
湯前町議会議員選挙（2012年11月18日投票）,熊本県,湯前町議会議員選挙（2012年11月18日投票）,0.46153846153846156,0.38461538461538464,0.15384615384615385,0.5,0.4,0.1,0.44621260343730107,0.4064290260980267,0.14735837046467218,0.00031826861871419476,0.08128580521960535,0.07367918523233609,3142.0
湯前町議会議員選挙（2008年11月16日投票）,熊本県,湯前町議会議員選挙（2008年11月16日投票）,0.5625,0.3125,0.125,0.7272727272727273,0.18181818181818182,0.09090909090909091,0.6144578313253012,0.19066265060240964,0.19487951807228915,0.0003012048192771084,0.03813253012048193,0.09743975903614457,3320.0
湯前町議会議員選挙（2004年11月21日投票）,熊本県,湯前町議会議員選挙（2004年11月21日投票）,0.6923076923076923,0.3076923076923077,0.0,0.7272727272727273,0.2727272727272727,0.0,0.747698504027618,0.25230149597238205,,0.00028768699654775604,0.06307537399309551,,3476.0
湯前町議会議員補欠選挙（2003年04月27日投票）,熊本県,湯前町議会議員補欠選挙（2003年04月27日投票）,0.0,0.6666666666666666,0.3333333333333333,0.0,0.0,1.0,,0.42724952137843014,0.5727504786215699,,0.21362476068921507,0.5727504786215699,3134.0
水上村議会議員選挙（2019年04月21日投票）,熊本県,水上村議会議員選挙（2019年04月21日投票）,0.9,0.1,0.0,0.9,0.1,0.0,,,,,,,0.0
水上村議会議員選挙（2015年04月26日投票）,熊本県,水上村議会議員選挙（2015年04月26日投票）,0.8,0.2,0.0,0.8,0.2,0.0,,,,,,,0.0
水上村議会議員選挙（2011年04月24日投票）,熊本県,水上村議会議員選挙（2011年04月24日投票）,0.6666666666666666,0.3333333333333333,0.0,0.7,0.3,0.0,0.6807165437302424,0.3192834562697576,,0.0005268703898840885,0.0798208640674394,,1898.0
水上村議会議員選挙（2007年04月22日投票）,熊本県,水上村議会議員選挙（2007年04月22日投票）,0.8,0.2,0.0,1.0,0.0,0.0,,,,,,,55.0
相良村議会議員選挙（2021年04月25日投票）,熊本県,相良村議会議員選挙（2021年04月25日投票）,0.6153846153846154,0.3076923076923077,0.07692307692307693,0.6,0.3,0.1,0.5251282051282051,0.3374358974358974,0.13743589743589743,0.0003418803418803419,0.08435897435897435,0.13743589743589743,2925.0
相良村議会議員選挙（2017年04月23日投票）,熊本県,相良村議会議員選挙（2017年04月23日投票）,0.7272727272727273,0.18181818181818182,0.09090909090909091,0.7,0.2,0.1,0.6750244220123738,0.18528166720937805,0.13969391077824814,0.000325626831650928,0.09264083360468903,0.13969391077824814,3071.0
相良村議会議員選挙（2013年04月21日投票）,熊本県,相良村議会議員選挙（2013年04月21日投票）,0.6428571428571429,0.21428571428571427,0.14285714285714285,0.8,0.2,0.0,0.7253077154007805,0.19723806664665267,0.0774542179525668,0.0003002101471029721,0.06574602221555088,0.0387271089762834,3331.0
相良村議会議員選挙（2009年04月19日投票）,熊本県,相良村議会議員選挙（2009年04月19日投票）,0.5882352941176471,0.29411764705882354,0.11764705882352941,0.6363636363636364,0.2727272727272727,0.09090909090909091,0.5788989071038251,0.3317568306010929,0.08934426229508197,0.000273224043715847,0.06635136612021858,0.04467213114754098,3660.0
相良村議会議員補欠選挙（2008年03月23日投票）,熊本県,相良村議会議員補欠選挙（2008年03月23日投票）,0.0,0.5,0.5,0.0,0.0,1.0,,0.4213762811127379,0.578623718887262,,0.21068814055636895,0.289311859443631,3415.0
五木村議会議員選挙（2021年07月25日投票）,熊本県,五木村議会議員選挙（2021年07月25日投票）,0.7777777777777778,0.1111111111111111,0.1111111111111111,0.75,0.125,0.125,0.7931904161412359,0.09583858764186633,0.11097099621689786,0.0012610340479192938,0.09583858764186633,0.11097099621689786,793.0
五木村議会議員選挙（2017年07月23日投票）,熊本県,五木村議会議員選挙（2017年07月23日投票）,0.9,0.1,0.0,0.875,0.125,0.0,0.9130925507900677,0.08690744920993228,,0.001128668171557562,0.08690744920993228,,886.0
五木村議会議員補欠選挙（2015年10月11日投票）,熊本県,五木村議会議員補欠選挙（2015年10月11日投票）,0.0,1.0,0.0,0.0,1.0,0.0,,,,,,,0.0
五木村議会議員選挙（2013年07月21日投票）,熊本県,五木村議会議員選挙（2013年07月21日投票）,0.9,0.1,0.0,0.9,0.1,0.0,,,,,,,0.0
五木村議会議員補欠選挙（2011年10月16日投票）,熊本県,五木村議会議員補欠選挙（2011年10月16日投票）,0.0,0.0,1.0,0.0,0.0,1.0,,,,,,,0.0
五木村議会議員選挙（2009年07月26日投票）,熊本県,五木村議会議員選挙（2009年07月26日投票）,0.6363636363636364,0.2727272727272727,0.09090909090909091,0.6,0.3,0.1,0.5787292817679558,0.28314917127071826,0.13812154696132597,0.0009208103130755065,0.09438305709023942,0.13812154696132597,1086.0
五木村議会議員補欠選挙（2007年10月21日投票）,熊本県,五木村議会議員補欠選挙（2007年10月21日投票）,0.0,1.0,0.0,0.0,1.0,0.0,,1.0,,,0.3333333333333333,,1077.0
五木村議会議員選挙（2005年07月31日投票）,熊本県,五木村議会議員選挙（2005年07月31日投票）,0.7272727272727273,0.2727272727272727,0.0,0.8,0.2,0.0,0.7851307189542484,0.21486928104575165,,0.0008169934640522876,0.07162309368191722,,1224.0
五木村議会議員選挙（2001年07月29日投票）,熊本県,五木村議会議員選挙（2001年07月29日投票）,0.5714285714285714,0.35714285714285715,0.07142857142857142,0.6,0.3,0.1,0.5724244771494965,0.29666924864446165,0.13090627420604184,0.000774593338497289,0.05933384972889233,0.13090627420604184,1291.0
山江村議会議員選挙（2019年04月21日投票）,熊本県,山江村議会議員選挙（2019年04月21日投票）,0.6666666666666666,0.16666666666666666,0.16666666666666666,0.7,0.2,0.1,0.6661015534328617,0.1805085510629454,0.15338989550419302,0.0004237289931055056,0.0902542755314727,0.07669494775209651,2359.9990000000003
山江村議会議員選挙（2015年04月26日投票）,熊本県,山江村議会議員選挙（2015年04月26日投票）,0.6666666666666666,0.25,0.08333333333333333,0.6,0.3,0.1,0.5739301310043669,0.35847558554982134,0.06759428344581184,0.0003969829297340215,0.11949186184994044,0.06759428344581184,2519.0
山江村議会議員補欠選挙（2014年07月20日投票）,熊本県,山江村議会議員補欠選挙（2014年07月20日投票）,0.0,1.0,0.0,0.0,1.0,0.0,,1.0,,,0.5,,2628.0
山江村議会議員選挙（2011年04月24日投票）,熊本県,山江村議会議員選挙（2011年04月24日投票）,0.5833333333333334,0.4166666666666667,0.0,0.6,0.4,0.0,0.5755395683453237,0.4244604316546763,,0.0003786444528587656,0.08489208633093526,,2641.0
山江村議会議員選挙（2007年04月22日投票）,熊本県,山江村議会議員選挙（2007年04月22日投票）,0.5833333333333334,0.4166666666666667,0.0,0.6,0.4,0.0,0.6153846153846154,0.38461538461538464,,0.00036982248520710064,0.07692307692307693,,2704.0
山江村議会議員補欠選挙（2006年07月16日投票）,熊本県,山江村議会議員補欠選挙（2006年07月16日投票）,0.0,1.0,0.0,0.0,1.0,0.0,,1.0,,,0.5,,1160.0
球磨村議会議員補欠選挙（2020年03月22日投票）,熊本県,球磨村議会議員補欠選挙（2020年03月22日投票）,0.0,1.0,0.0,0.0,1.0,0.0,,,,,,,0.0
球磨村議会議員選挙（2018年04月22日投票）,熊本県,球磨村議会議員選挙（2018年04月22日投票）,0.8181818181818182,0.18181818181818182,0.0,0.8,0.2,0.0,0.7857919536063791,0.21420804639362087,,0.0003624501631025734,0.10710402319681044,,2759.0
球磨村議会議員再選挙（2016年03月06日投票）,熊本県,球磨村議会議員再選挙（2016年03月06日投票）,0.0,1.0,0.0,0.0,1.0,0.0,,,,,,,0.0
球磨村議会議員選挙（2014年04月27日投票）,熊本県,球磨村議会議員選挙（2014年04月27日投票）,0.6363636363636364,0.36363636363636365,0.0,0.7,0.3,0.0,0.6537039546272817,0.3462960453727183,,0.0003280840971404518,0.08657401134317957,,3047.999
球磨村議会議員選挙（2010年04月25日投票）,熊本県,球磨村議会議員選挙（2010年04月25日投票）,1.0,0.0,0.0,1.0,0.0,0.0,1.0,,,0.0002978850163836759,,,3357.0
球磨村議会議員選挙（2006年04月23日投票）,熊本県,球磨村議会議員選挙（2006年04月23日投票）,0.8461538461538461,0.15384615384615385,0.0,0.9166666666666666,0.08333333333333333,0.0,0.8796769851951548,0.12032301480484522,,0.0002691790040376851,0.06016150740242261,,3715.0
あさぎり町議会議員選挙（2020年04月26日投票）,熊本県,あさぎり町議会議員選挙（2020年04月26日投票）,0.7058823529411765,0.23529411764705882,0.058823529411764705,0.8571428571428571,0.07142857142857142,0.07142857142857142,0.7479571872482449,0.161583611462769,0.09045920128898607,0.00011508804235239959,0.04039590286569225,0.09045920128898607,8689.0
あさぎり町議会議員補欠選挙（2019年04月21日投票）,熊本県,あさぎり町議会議員補欠選挙（2019年04月21日投票）,0.0,1.0,0.0,0.0,1.0,0.0,,1.0,,,0.3333333333333333,,8577.0
あさぎり町議会議員選挙（2016年04月24日投票）,熊本県,あさぎり町議会議員選挙（2016年04月24日投票）,0.7,0.3,0.0,0.875,0.125,0.0,0.7807459677419355,0.21925403225806453,,0.00010080645161290323,0.03654233870967742,,9920.0
あさぎり町議会議員選挙（2012年04月22日投票）,熊本県,あさぎり町議会議員選挙（2012年04月22日投票）,0.5882352941176471,0.29411764705882354,0.11764705882352941,0.5625,0.3125,0.125,0.5422102124487514,0.29043980618710397,0.1673499813641446,9.317927692881104e-05,0.05808796123742079,0.0836749906820723,10732.0
あさぎり町議会議員補欠選挙（2011年04月24日投票）,熊本県,あさぎり町議会議員補欠選挙（2011年04月24日投票）,0.0,1.0,0.0,0.0,1.0,0.0,,1.0,,,0.3333333333333333,,10636.0
あさぎり町議会議員選挙（2008年04月27日投票）,熊本県,あさぎり町議会議員選挙（2008年04月27日投票）,0.6666666666666666,0.3333333333333333,0.0,0.7222222222222222,0.2777777777777778,0.0,0.6809295146630081,0.31907048533699195,,8.574858514834505e-05,0.04558149790528456,,11662.0
あさぎり町議会議員選挙（2004年04月25日投票）,熊本県,あさぎり町議会議員選挙（2004年04月25日投票）,0.7222222222222222,0.2222222222222222,0.05555555555555555,0.7727272727272727,0.18181818181818182,0.045454545454545456,0.711989816214496,0.24632031187843106,0.041689871907072955,7.956082425013923e-05,0.030790038984803883,0.020844935953536477,12569.0
苓北町議会議員選挙（2019年01月13日投票）,熊本県,苓北町議会議員選挙（2019年01月13日投票）,0.8333333333333334,0.08333333333333333,0.08333333333333333,0.8333333333333334,0.08333333333333333,0.08333333333333333,,,,,,,0.0
苓北町議会議員選挙（2015年01月18日投票）,熊本県,苓北町議会議員選挙（2015年01月18日投票）,0.6923076923076923,0.3076923076923077,0.0,0.6666666666666666,0.3333333333333333,0.0,0.6751519756838906,0.32484802431610943,,0.0001899696048632219,0.08121200607902736,,5264.0
苓北町議会議員選挙（2011年01月16日投票）,熊本県,苓北町議会議員選挙（2011年01月16日投票）,0.7647058823529411,0.17647058823529413,0.058823529411764705,0.75,0.16666666666666666,0.08333333333333333,0.7778348749571771,0.16820829051044878,0.0539568345323741,0.000171291538198013,0.05606943017014959,0.0539568345323741,5838.0
苓北町議会議員選挙（2007年01月21日投票）,熊本県,苓北町議会議員選挙（2007年01月21日投票）,0.875,0.125,0.0,0.9285714285714286,0.07142857142857142,0.0,0.8845939577067249,0.11540604229327515,,0.00015432122580436082,0.05770302114663758,,6479.99
苓北町議会議員選挙（2003年01月19日投票）,熊本県,苓北町議会議員選挙（2003年01月19日投票）,0.7058823529411765,0.29411764705882354,0.0,0.6875,0.3125,0.0,0.6877800092692724,0.31221999073072765,,0.0001544878727019929,0.06244399814614553,,6473.0
苓北町議会議員選挙（1999年01月17日投票）,熊本県,苓北町議会議員選挙（1999年01月17日投票）,0.7058823529411765,0.23529411764705882,0.058823529411764705,0.6875,0.25,0.0625,0.6515238153535613,0.30323873281387403,0.045237451832564696,0.00014929852089955346,0.07580968320346851,0.045237451832564696,6697.99
